id,rajaongkir_id,province_id,name,created_at,updated_at
1,1,1,MATARAM,2026-02-03 15:56:45,2026-02-03 15:56:45
2,2,1,BIMA,2026-02-03 15:56:45,2026-02-03 15:56:45
3,3,1,DOMPU,2026-02-03 15:56:45,2026-02-03 15:56:45
4,4,1,LOMBOK TENGAH,2026-02-03 15:56:45,2026-02-03 15:56:45
5,5,1,LOMBOK TIMUR,2026-02-03 15:56:45,2026-02-03 15:56:45
6,7,1,SUMBAWA,2026-02-03 15:56:45,2026-02-03 15:56:45
7,8,1,LOMBOK BARAT,2026-02-03 15:56:45,2026-02-03 15:56:45
8,9,1,LOMBOK UTARA,2026-02-03 15:56:45,2026-02-03 15:56:45
9,10,1,SUMBAWA BARAT,2026-02-03 15:56:45,2026-02-03 15:56:45
10,11,2,AMBON,2026-02-03 15:56:46,2026-02-03 15:56:46
11,12,2,MALUKU TENGAH,2026-02-03 15:56:46,2026-02-03 15:56:46
12,14,2,MALUKU TENGGARA,2026-02-03 15:56:46,2026-02-03 15:56:46
13,15,2,TUAL,2026-02-03 15:56:46,2026-02-03 15:56:46
14,16,2,BURU,2026-02-03 15:56:46,2026-02-03 15:56:46
15,17,2,BURU SELATAN,2026-02-03 15:56:46,2026-02-03 15:56:46
16,19,2,KEPULAUAN ARU,2026-02-03 15:56:46,2026-02-03 15:56:46
17,21,2,SERAM BAGIAN BARAT,2026-02-03 15:56:46,2026-02-03 15:56:46
18,23,2,SERAM BAGIAN TIMUR,2026-02-03 15:56:46,2026-02-03 15:56:46
19,24,2,MALUKU BARAT DAYA,2026-02-03 15:56:46,2026-02-03 15:56:46
20,25,2,MALUKU TENGGARA BARAT,2026-02-03 15:56:46,2026-02-03 15:56:46
21,29,3,BANJARMASIN,2026-02-03 15:56:46,2026-02-03 15:56:46
22,30,3,HULU SUNGAI TENGAH,2026-02-03 15:56:46,2026-02-03 15:56:46
23,32,3,HULU SUNGAI SELATAN,2026-02-03 15:56:46,2026-02-03 15:56:46
24,34,3,KOTABARU,2026-02-03 15:56:46,2026-02-03 15:56:46
25,35,3,TABALONG,2026-02-03 15:56:46,2026-02-03 15:56:46
26,36,3,BANJARBARU,2026-02-03 15:56:46,2026-02-03 15:56:46
27,38,3,HULU SUNGAI UTARA,2026-02-03 15:56:46,2026-02-03 15:56:46
28,39,3,BARITO KUALA,2026-02-03 15:56:46,2026-02-03 15:56:46
29,40,3,BANJAR,2026-02-03 15:56:46,2026-02-03 15:56:46
30,42,3,TANAH LAUT,2026-02-03 15:56:46,2026-02-03 15:56:46
31,44,3,TAPIN,2026-02-03 15:56:46,2026-02-03 15:56:46
32,53,3,BALANGAN,2026-02-03 15:56:46,2026-02-03 15:56:46
33,54,3,TANAH BUMBU,2026-02-03 15:56:46,2026-02-03 15:56:46
34,46,4,BARITO UTARA,2026-02-03 15:56:47,2026-02-03 15:56:47
35,48,4,BARITO TIMUR,2026-02-03 15:56:47,2026-02-03 15:56:47
36,50,4,MURUNG RAYA,2026-02-03 15:56:47,2026-02-03 15:56:47
37,52,4,BARITO SELATAN,2026-02-03 15:56:47,2026-02-03 15:56:47
38,456,4,PALANGKA RAYA,2026-02-03 15:56:47,2026-02-03 15:56:47
39,458,4,KATINGAN,2026-02-03 15:56:47,2026-02-03 15:56:47
40,460,4,KAPUAS,2026-02-03 15:56:47,2026-02-03 15:56:47
41,462,4,GUNUNG MAS,2026-02-03 15:56:47,2026-02-03 15:56:47
42,464,4,SERUYAN,2026-02-03 15:56:47,2026-02-03 15:56:47
43,466,4,KOTAWARINGIN BARAT,2026-02-03 15:56:47,2026-02-03 15:56:47
44,468,4,KOTAWARINGIN TIMUR,2026-02-03 15:56:47,2026-02-03 15:56:47
45,470,4,LAMANDAU,2026-02-03 15:56:47,2026-02-03 15:56:47
46,471,4,PULANG PISAU,2026-02-03 15:56:47,2026-02-03 15:56:47
47,472,4,SUKAMARA,2026-02-03 15:56:47,2026-02-03 15:56:47
48,55,5,BANDUNG,2026-02-03 15:56:47,2026-02-03 15:56:47
49,56,5,CIMAHI,2026-02-03 15:56:47,2026-02-03 15:56:47
50,57,5,SUMEDANG,2026-02-03 15:56:47,2026-02-03 15:56:47
51,59,5,GARUT,2026-02-03 15:56:47,2026-02-03 15:56:47
52,60,5,BANDUNG BARAT,2026-02-03 15:56:47,2026-02-03 15:56:47
53,62,5,CIANJUR,2026-02-03 15:56:47,2026-02-03 15:56:47
54,63,5,BEKASI,2026-02-03 15:56:47,2026-02-03 15:56:47
55,77,5,BOGOR,2026-02-03 15:56:47,2026-02-03 15:56:47
56,129,5,CIREBON,2026-02-03 15:56:47,2026-02-03 15:56:47
57,131,5,INDRAMAYU,2026-02-03 15:56:47,2026-02-03 15:56:47
58,132,5,KUNINGAN,2026-02-03 15:56:47,2026-02-03 15:56:47
59,133,5,MAJALENGKA,2026-02-03 15:56:47,2026-02-03 15:56:47
60,199,5,DEPOK,2026-02-03 15:56:47,2026-02-03 15:56:47
61,329,5,KARAWANG,2026-02-03 15:56:47,2026-02-03 15:56:47
62,532,5,PURWAKARTA,2026-02-03 15:56:47,2026-02-03 15:56:47
63,533,5,SUBANG,2026-02-03 15:56:47,2026-02-03 15:56:47
64,538,5,SUKABUMI,2026-02-03 15:56:47,2026-02-03 15:56:47
65,632,5,TASIKMALAYA,2026-02-03 15:56:47,2026-02-03 15:56:47
66,633,5,BANJAR,2026-02-03 15:56:47,2026-02-03 15:56:47
67,634,5,CIAMIS,2026-02-03 15:56:47,2026-02-03 15:56:47
68,635,5,PANGANDARAN,2026-02-03 15:56:47,2026-02-03 15:56:47
69,64,6,BENGKULU,2026-02-03 15:56:47,2026-02-03 15:56:47
70,65,6,BENGKULU UTARA,2026-02-03 15:56:47,2026-02-03 15:56:47
71,66,6,BENGKULU TENGAH,2026-02-03 15:56:47,2026-02-03 15:56:47
72,67,6,REJANG LEBONG,2026-02-03 15:56:47,2026-02-03 15:56:47
73,68,6,BENGKULU SELATAN,2026-02-03 15:56:47,2026-02-03 15:56:47
74,69,6,KAUR,2026-02-03 15:56:47,2026-02-03 15:56:47
75,70,6,KEPAHIANG,2026-02-03 15:56:48,2026-02-03 15:56:48
76,71,6,LEBONG,2026-02-03 15:56:48,2026-02-03 15:56:48
77,73,6,MUKO MUKO,2026-02-03 15:56:48,2026-02-03 15:56:48
78,76,6,SELUMA,2026-02-03 15:56:48,2026-02-03 15:56:48
79,78,7,BALIKPAPAN,2026-02-03 15:56:48,2026-02-03 15:56:48
80,79,7,KUTAI KARTANEGARA,2026-02-03 15:56:48,2026-02-03 15:56:48
81,80,7,PASER,2026-02-03 15:56:48,2026-02-03 15:56:48
82,81,7,BERAU,2026-02-03 15:56:48,2026-02-03 15:56:48
83,83,7,PENAJAM PASER UTARA,2026-02-03 15:56:48,2026-02-03 15:56:48
84,84,7,BONTANG,2026-02-03 15:56:48,2026-02-03 15:56:48
85,86,7,KUTAI TIMUR,2026-02-03 15:56:48,2026-02-03 15:56:48
86,534,7,SAMARINDA,2026-02-03 15:56:48,2026-02-03 15:56:48
87,536,7,KUTAI BARAT,2026-02-03 15:56:48,2026-02-03 15:56:48
88,537,7,MAHAKAM ULU,2026-02-03 15:56:48,2026-02-03 15:56:48
89,90,8,BATAM,2026-02-03 15:56:48,2026-02-03 15:56:48
90,92,8,LINGGA,2026-02-03 15:56:48,2026-02-03 15:56:48
91,94,8,NATUNA,2026-02-03 15:56:48,2026-02-03 15:56:48
92,95,8,KEPULAUAN ANAMBAS,2026-02-03 15:56:48,2026-02-03 15:56:48
93,96,8,KARIMUN,2026-02-03 15:56:48,2026-02-03 15:56:48
94,619,8,TANJUNG PINANG,2026-02-03 15:56:48,2026-02-03 15:56:48
95,624,8,BINTAN,2026-02-03 15:56:48,2026-02-03 15:56:48
96,97,9,BANDA ACEH,2026-02-03 15:56:49,2026-02-03 15:56:49
97,98,9,LANGSA,2026-02-03 15:56:49,2026-02-03 15:56:49
98,100,9,LHOKSEUMAWE,2026-02-03 15:56:49,2026-02-03 15:56:49
99,101,9,ACEH BESAR,2026-02-03 15:56:49,2026-02-03 15:56:49
100,102,9,BIREUEN,2026-02-03 15:56:49,2026-02-03 15:56:49
101,104,9,ACEH TENGGARA,2026-02-03 15:56:49,2026-02-03 15:56:49
102,106,9,ACEH BARAT,2026-02-03 15:56:49,2026-02-03 15:56:49
103,107,9,PIDIE,2026-02-03 15:56:49,2026-02-03 15:56:49
104,109,9,ACEH TENGAH,2026-02-03 15:56:49,2026-02-03 15:56:49
105,110,9,ACEH SELATAN,2026-02-03 15:56:49,2026-02-03 15:56:49
106,111,9,SABANG,2026-02-03 15:56:49,2026-02-03 15:56:49
107,112,9,ACEH BARAT DAYA,2026-02-03 15:56:49,2026-02-03 15:56:49
108,113,9,ACEH JAYA,2026-02-03 15:56:49,2026-02-03 15:56:49
109,114,9,ACEH SINGKIL,2026-02-03 15:56:49,2026-02-03 15:56:49
110,116,9,ACEH TAMIANG,2026-02-03 15:56:49,2026-02-03 15:56:49
111,117,9,ACEH TIMUR,2026-02-03 15:56:49,2026-02-03 15:56:49
112,118,9,ACEH UTARA,2026-02-03 15:56:49,2026-02-03 15:56:49
113,120,9,BENER MERIAH,2026-02-03 15:56:49,2026-02-03 15:56:49
114,122,9,GAYO LUES,2026-02-03 15:56:49,2026-02-03 15:56:49
115,124,9,NAGAN RAYA,2026-02-03 15:56:49,2026-02-03 15:56:49
116,125,9,PIDIE JAYA,2026-02-03 15:56:49,2026-02-03 15:56:49
117,127,9,SIMEULUE,2026-02-03 15:56:49,2026-02-03 15:56:49
118,128,9,SUBULUSSALAM,2026-02-03 15:56:49,2026-02-03 15:56:49
119,135,10,JAKARTA BARAT,2026-02-03 15:56:49,2026-02-03 15:56:49
120,136,10,JAKARTA SELATAN,2026-02-03 15:56:49,2026-02-03 15:56:49
121,137,10,JAKARTA PUSAT,2026-02-03 15:56:49,2026-02-03 15:56:49
122,138,10,JAKARTA UTARA,2026-02-03 15:56:49,2026-02-03 15:56:49
123,139,10,JAKARTA TIMUR,2026-02-03 15:56:49,2026-02-03 15:56:49
124,141,10,KEPULAUAN SERIBU,2026-02-03 15:56:49,2026-02-03 15:56:49
125,143,11,CILEGON,2026-02-03 15:56:49,2026-02-03 15:56:49
126,144,11,PANDEGLANG,2026-02-03 15:56:49,2026-02-03 15:56:49
127,147,11,LEBAK,2026-02-03 15:56:49,2026-02-03 15:56:49
128,148,11,SERANG,2026-02-03 15:56:49,2026-02-03 15:56:49
129,592,11,TANGERANG,2026-02-03 15:56:49,2026-02-03 15:56:49
130,594,11,TANGERANG SELATAN,2026-02-03 15:56:49,2026-02-03 15:56:49
131,149,12,CILACAP,2026-02-03 15:56:50,2026-02-03 15:56:50
132,383,12,MAGELANG,2026-02-03 15:56:50,2026-02-03 15:56:50
133,384,12,KEBUMEN,2026-02-03 15:56:50,2026-02-03 15:56:50
134,385,12,WONOSOBO,2026-02-03 15:56:50,2026-02-03 15:56:50
135,386,12,PURWOREJO,2026-02-03 15:56:50,2026-02-03 15:56:50
136,387,12,TEMANGGUNG,2026-02-03 15:56:50,2026-02-03 15:56:50
137,539,12,SURAKARTA,2026-02-03 15:56:50,2026-02-03 15:56:50
138,540,12,BOYOLALI,2026-02-03 15:56:50,2026-02-03 15:56:50
139,541,12,KARANGANYAR,2026-02-03 15:56:50,2026-02-03 15:56:50
140,542,12,KLATEN,2026-02-03 15:56:50,2026-02-03 15:56:50
141,543,12,SRAGEN,2026-02-03 15:56:50,2026-02-03 15:56:50
142,544,12,SUKOHARJO,2026-02-03 15:56:50,2026-02-03 15:56:50
143,545,12,WONOGIRI,2026-02-03 15:56:50,2026-02-03 15:56:50
144,560,12,SEMARANG,2026-02-03 15:56:50,2026-02-03 15:56:50
145,561,12,JEPARA,2026-02-03 15:56:50,2026-02-03 15:56:50
146,562,12,KUDUS,2026-02-03 15:56:50,2026-02-03 15:56:50
147,563,12,PEKALONGAN,2026-02-03 15:56:50,2026-02-03 15:56:50
148,564,12,BATANG,2026-02-03 15:56:50,2026-02-03 15:56:50
149,565,12,BLORA,2026-02-03 15:56:50,2026-02-03 15:56:50
150,567,12,DEMAK,2026-02-03 15:56:50,2026-02-03 15:56:50
151,568,12,KENDAL,2026-02-03 15:56:50,2026-02-03 15:56:50
152,569,12,PATI,2026-02-03 15:56:50,2026-02-03 15:56:50
153,570,12,PEMALANG,2026-02-03 15:56:50,2026-02-03 15:56:50
154,571,12,GROBOGAN,2026-02-03 15:56:50,2026-02-03 15:56:50
155,572,12,REMBANG,2026-02-03 15:56:50,2026-02-03 15:56:50
156,573,12,SALATIGA,2026-02-03 15:56:50,2026-02-03 15:56:50
157,575,12,PURBALINGGA,2026-02-03 15:56:50,2026-02-03 15:56:50
158,576,12,BANJARNEGARA,2026-02-03 15:56:50,2026-02-03 15:56:50
159,588,12,TEGAL,2026-02-03 15:56:50,2026-02-03 15:56:50
160,589,12,BREBES,2026-02-03 15:56:50,2026-02-03 15:56:50
161,591,12,BANYUMAS,2026-02-03 15:56:50,2026-02-03 15:56:50
162,150,13,JAMBI,2026-02-03 15:56:50,2026-02-03 15:56:50
163,152,13,TANJUNG JABUNG BARAT,2026-02-03 15:56:50,2026-02-03 15:56:50
164,153,13,MERANGIN,2026-02-03 15:56:50,2026-02-03 15:56:50
165,154,13,BATANG HARI,2026-02-03 15:56:50,2026-02-03 15:56:50
166,156,13,BUNGO,2026-02-03 15:56:50,2026-02-03 15:56:50
167,157,13,SUNGAIPENUH,2026-02-03 15:56:50,2026-02-03 15:56:50
168,158,13,KERINCI,2026-02-03 15:56:50,2026-02-03 15:56:50
169,160,13,MUARO JAMBI,2026-02-03 15:56:50,2026-02-03 15:56:50
170,161,13,SAROLANGUN,2026-02-03 15:56:50,2026-02-03 15:56:50
171,163,13,TANJUNG JABUNG TIMUR,2026-02-03 15:56:50,2026-02-03 15:56:50
172,164,13,TEBO,2026-02-03 15:56:50,2026-02-03 15:56:50
173,165,14,JAYAPURA,2026-02-03 15:56:51,2026-02-03 15:56:51
174,166,14,BIAK NUMFOR,2026-02-03 15:56:51,2026-02-03 15:56:51
175,167,14,MERAUKE,2026-02-03 15:56:51,2026-02-03 15:56:51
176,168,14,NABIRE,2026-02-03 15:56:51,2026-02-03 15:56:51
177,169,14,DOGIYAI,2026-02-03 15:56:51,2026-02-03 15:56:51
178,171,14,KEPULAUAN YAPEN,2026-02-03 15:56:51,2026-02-03 15:56:51
179,172,14,JAYAWIJAYA,2026-02-03 15:56:51,2026-02-03 15:56:51
180,174,14,LANNY JAYA,2026-02-03 15:56:51,2026-02-03 15:56:51
181,175,14,YALIMO,2026-02-03 15:56:51,2026-02-03 15:56:51
182,176,14,NDUGA,2026-02-03 15:56:51,2026-02-03 15:56:51
183,177,14,MAMBERAMO TENGAH,2026-02-03 15:56:51,2026-02-03 15:56:51
184,178,14,ASMAT,2026-02-03 15:56:51,2026-02-03 15:56:51
185,180,14,BOVEN DIGOEL,2026-02-03 15:56:51,2026-02-03 15:56:51
186,181,14,KEEROM,2026-02-03 15:56:51,2026-02-03 15:56:51
187,183,14,MAPPI,2026-02-03 15:56:51,2026-02-03 15:56:51
188,184,14,INTAN JAYA,2026-02-03 15:56:51,2026-02-03 15:56:51
189,185,14,PANIAI,2026-02-03 15:56:51,2026-02-03 15:56:51
190,186,14,DEIYAI,2026-02-03 15:56:51,2026-02-03 15:56:51
191,187,14,PEGUNUNGAN BINTANG,2026-02-03 15:56:51,2026-02-03 15:56:51
192,188,14,PUNCAK JAYA,2026-02-03 15:56:51,2026-02-03 15:56:51
193,189,14,PUNCAK,2026-02-03 15:56:51,2026-02-03 15:56:51
194,190,14,SARMI,2026-02-03 15:56:51,2026-02-03 15:56:51
195,192,14,SUPIORI,2026-02-03 15:56:51,2026-02-03 15:56:51
196,193,14,TOLIKARA,2026-02-03 15:56:51,2026-02-03 15:56:51
197,195,14,WAROPEN,2026-02-03 15:56:51,2026-02-03 15:56:51
198,196,14,YAHUKIMO,2026-02-03 15:56:51,2026-02-03 15:56:51
199,198,14,MAMBERAMO RAYA,2026-02-03 15:56:51,2026-02-03 15:56:51
200,595,14,MIMIKA,2026-02-03 15:56:51,2026-02-03 15:56:51
201,201,15,DENPASAR,2026-02-03 15:56:51,2026-02-03 15:56:51
202,203,15,KARANGASEM,2026-02-03 15:56:51,2026-02-03 15:56:51
203,204,15,BANGLI,2026-02-03 15:56:51,2026-02-03 15:56:51
204,205,15,GIANYAR,2026-02-03 15:56:51,2026-02-03 15:56:51
205,206,15,JEMBRANA,2026-02-03 15:56:51,2026-02-03 15:56:51
206,208,15,KLUNGKUNG,2026-02-03 15:56:51,2026-02-03 15:56:51
207,210,15,BULELENG,2026-02-03 15:56:51,2026-02-03 15:56:51
208,211,15,TABANAN,2026-02-03 15:56:51,2026-02-03 15:56:51
209,212,15,BADUNG,2026-02-03 15:56:51,2026-02-03 15:56:51
210,218,16,TOBA SAMOSIR,2026-02-03 15:56:51,2026-02-03 15:56:51
211,219,16,GUNUNGSITOLI,2026-02-03 15:56:51,2026-02-03 15:56:51
212,220,16,NIAS,2026-02-03 15:56:51,2026-02-03 15:56:51
213,221,16,NIAS BARAT,2026-02-03 15:56:51,2026-02-03 15:56:51
214,222,16,NIAS SELATAN,2026-02-03 15:56:51,2026-02-03 15:56:51
215,223,16,NIAS UTARA,2026-02-03 15:56:51,2026-02-03 15:56:51
216,225,16,SIBOLGA,2026-02-03 15:56:51,2026-02-03 15:56:51
217,226,16,TAPANULI TENGAH,2026-02-03 15:56:51,2026-02-03 15:56:51
218,227,16,PADANG SIDEMPUAN,2026-02-03 15:56:51,2026-02-03 15:56:51
219,228,16,TAPANULI SELATAN,2026-02-03 15:56:51,2026-02-03 15:56:51
220,229,16,TAPANULI UTARA,2026-02-03 15:56:51,2026-02-03 15:56:51
221,231,16,PADANG LAWAS UTARA,2026-02-03 15:56:51,2026-02-03 15:56:51
222,239,16,HUMBANG HASUNDUTAN,2026-02-03 15:56:51,2026-02-03 15:56:51
223,240,16,MANDAILING NATAL,2026-02-03 15:56:51,2026-02-03 15:56:51
224,243,16,PADANG LAWAS,2026-02-03 15:56:51,2026-02-03 15:56:51
225,361,16,MEDAN,2026-02-03 15:56:51,2026-02-03 15:56:51
226,363,16,ASAHAN,2026-02-03 15:56:51,2026-02-03 15:56:51
227,364,16,DAIRI,2026-02-03 15:56:51,2026-02-03 15:56:51
228,365,16,DELI SERDANG,2026-02-03 15:56:51,2026-02-03 15:56:51
229,366,16,BINJAI,2026-02-03 15:56:51,2026-02-03 15:56:51
230,368,16,SIMALUNGUN,2026-02-03 15:56:51,2026-02-03 15:56:51
231,370,16,LABUHANBATU UTARA,2026-02-03 15:56:51,2026-02-03 15:56:51
232,371,16,LABUHANBATU,2026-02-03 15:56:51,2026-02-03 15:56:51
233,372,16,LABUHANBATU SELATAN,2026-02-03 15:56:51,2026-02-03 15:56:51
234,374,16,KARO,2026-02-03 15:56:51,2026-02-03 15:56:51
235,375,16,LANGKAT,2026-02-03 15:56:51,2026-02-03 15:56:51
236,376,16,SERDANG BEDAGAI,2026-02-03 15:56:51,2026-02-03 15:56:51
237,377,16,TEBING TINGGI,2026-02-03 15:56:51,2026-02-03 15:56:51
238,378,16,BATU BARA,2026-02-03 15:56:51,2026-02-03 15:56:51
239,379,16,PAKPAK BHARAT,2026-02-03 15:56:51,2026-02-03 15:56:51
240,380,16,SAMOSIR,2026-02-03 15:56:51,2026-02-03 15:56:51
241,381,16,TANJUNG BALAI,2026-02-03 15:56:51,2026-02-03 15:56:51
242,382,16,PEMATANG SIANTAR,2026-02-03 15:56:51,2026-02-03 15:56:51
243,251,17,GORONTALO,2026-02-03 15:56:52,2026-02-03 15:56:52
244,252,17,GORONTALO UTARA,2026-02-03 15:56:52,2026-02-03 15:56:52
245,253,17,BOALEMO,2026-02-03 15:56:52,2026-02-03 15:56:52
246,254,17,BONE BOLANGO,2026-02-03 15:56:52,2026-02-03 15:56:52
247,255,17,POHUWATO,2026-02-03 15:56:52,2026-02-03 15:56:52
248,256,18,JEMBER,2026-02-03 15:56:52,2026-02-03 15:56:52
249,257,18,BANYUWANGI,2026-02-03 15:56:52,2026-02-03 15:56:52
250,258,18,BONDOWOSO,2026-02-03 15:56:52,2026-02-03 15:56:52
251,289,18,KEDIRI,2026-02-03 15:56:52,2026-02-03 15:56:52
252,353,18,MADIUN,2026-02-03 15:56:52,2026-02-03 15:56:52
253,355,18,MAGETAN,2026-02-03 15:56:52,2026-02-03 15:56:52
254,357,18,NGAWI,2026-02-03 15:56:52,2026-02-03 15:56:52
255,359,18,PACITAN,2026-02-03 15:56:52,2026-02-03 15:56:52
256,360,18,PONOROGO,2026-02-03 15:56:52,2026-02-03 15:56:52
257,388,18,MOJOKERTO,2026-02-03 15:56:52,2026-02-03 15:56:52
258,389,18,JOMBANG,2026-02-03 15:56:52,2026-02-03 15:56:52
259,390,18,NGANJUK,2026-02-03 15:56:52,2026-02-03 15:56:52
260,391,18,MALANG,2026-02-03 15:56:52,2026-02-03 15:56:52
261,392,18,BLITAR,2026-02-03 15:56:52,2026-02-03 15:56:52
262,393,18,BATU,2026-02-03 15:56:52,2026-02-03 15:56:52
263,394,18,PROBOLINGGO,2026-02-03 15:56:52,2026-02-03 15:56:52
264,395,18,LUMAJANG,2026-02-03 15:56:52,2026-02-03 15:56:52
265,396,18,SITUBONDO,2026-02-03 15:56:52,2026-02-03 15:56:52
266,531,18,PASURUAN,2026-02-03 15:56:52,2026-02-03 15:56:52
267,566,18,BOJONEGORO,2026-02-03 15:56:52,2026-02-03 15:56:52
268,577,18,SURABAYA,2026-02-03 15:56:52,2026-02-03 15:56:52
269,578,18,GRESIK,2026-02-03 15:56:52,2026-02-03 15:56:52
270,579,18,LAMONGAN,2026-02-03 15:56:52,2026-02-03 15:56:52
271,580,18,BANGKALAN,2026-02-03 15:56:52,2026-02-03 15:56:52
272,581,18,PAMEKASAN,2026-02-03 15:56:52,2026-02-03 15:56:52
273,582,18,SAMPANG,2026-02-03 15:56:52,2026-02-03 15:56:52
274,583,18,SIDOARJO,2026-02-03 15:56:52,2026-02-03 15:56:52
275,584,18,SUMENEP,2026-02-03 15:56:52,2026-02-03 15:56:52
276,585,18,TUBAN,2026-02-03 15:56:52,2026-02-03 15:56:52
277,586,18,TULUNGAGUNG,2026-02-03 15:56:52,2026-02-03 15:56:52
278,587,18,TRENGGALEK,2026-02-03 15:56:52,2026-02-03 15:56:52
279,259,19,YOGYAKARTA,2026-02-03 15:56:52,2026-02-03 15:56:52
280,260,19,BANTUL,2026-02-03 15:56:52,2026-02-03 15:56:52
281,261,19,SLEMAN,2026-02-03 15:56:52,2026-02-03 15:56:52
282,262,19,KULON PROGO,2026-02-03 15:56:52,2026-02-03 15:56:52
283,263,19,GUNUNG KIDUL,2026-02-03 15:56:52,2026-02-03 15:56:52
284,264,20,KENDARI,2026-02-03 15:56:53,2026-02-03 15:56:53
285,267,20,BAU-BAU,2026-02-03 15:56:53,2026-02-03 15:56:53
286,268,20,KOLAKA,2026-02-03 15:56:53,2026-02-03 15:56:53
287,269,20,KOLAKA TIMUR,2026-02-03 15:56:53,2026-02-03 15:56:53
288,271,20,BUTON UTARA,2026-02-03 15:56:53,2026-02-03 15:56:53
289,272,20,MUNA,2026-02-03 15:56:53,2026-02-03 15:56:53
290,273,20,MUNA BARAT,2026-02-03 15:56:53,2026-02-03 15:56:53
291,276,20,KONAWE,2026-02-03 15:56:53,2026-02-03 15:56:53
292,277,20,KONAWE UTARA,2026-02-03 15:56:53,2026-02-03 15:56:53
293,280,20,BOMBANA,2026-02-03 15:56:53,2026-02-03 15:56:53
294,281,20,BUTON,2026-02-03 15:56:53,2026-02-03 15:56:53
295,282,20,BUTON SELATAN,2026-02-03 15:56:53,2026-02-03 15:56:53
296,283,20,BUTON TENGAH,2026-02-03 15:56:53,2026-02-03 15:56:53
297,285,20,KOLAKA UTARA,2026-02-03 15:56:53,2026-02-03 15:56:53
298,286,20,KONAWE SELATAN,2026-02-03 15:56:53,2026-02-03 15:56:53
299,287,20,WAKATOBI,2026-02-03 15:56:53,2026-02-03 15:56:53
300,288,20,KONAWE KEPULAUAN,2026-02-03 15:56:53,2026-02-03 15:56:53
301,290,21,KUPANG,2026-02-03 15:56:53,2026-02-03 15:56:53
302,292,21,SUMBA TENGAH,2026-02-03 15:56:53,2026-02-03 15:56:53
303,293,21,BELU,2026-02-03 15:56:53,2026-02-03 15:56:53
304,294,21,MALAKA,2026-02-03 15:56:53,2026-02-03 15:56:53
305,296,21,ALOR,2026-02-03 15:56:53,2026-02-03 15:56:53
306,297,21,TIMOR TENGAH UTARA,2026-02-03 15:56:53,2026-02-03 15:56:53
307,298,21,FLORES TIMUR,2026-02-03 15:56:53,2026-02-03 15:56:53
308,300,21,SIKKA,2026-02-03 15:56:53,2026-02-03 15:56:53
309,301,21,MANGGARAI,2026-02-03 15:56:53,2026-02-03 15:56:53
310,308,21,TIMOR TENGAH SELATAN,2026-02-03 15:56:53,2026-02-03 15:56:53
311,309,21,ENDE,2026-02-03 15:56:53,2026-02-03 15:56:53
312,310,21,NGADA,2026-02-03 15:56:53,2026-02-03 15:56:53
313,313,21,SUMBA TIMUR,2026-02-03 15:56:53,2026-02-03 15:56:53
314,314,21,SUMBA BARAT,2026-02-03 15:56:53,2026-02-03 15:56:53
315,318,21,MANGGARAI BARAT,2026-02-03 15:56:53,2026-02-03 15:56:53
316,319,21,MANGGARAI TIMUR,2026-02-03 15:56:53,2026-02-03 15:56:53
317,321,21,NAGEKEO,2026-02-03 15:56:53,2026-02-03 15:56:53
318,323,21,ROTE NDAO,2026-02-03 15:56:53,2026-02-03 15:56:53
319,325,21,SUMBA BARAT DAYA,2026-02-03 15:56:53,2026-02-03 15:56:53
320,326,21,LEMBATA,2026-02-03 15:56:53,2026-02-03 15:56:53
321,328,21,SABU RAIJUA,2026-02-03 15:56:53,2026-02-03 15:56:53
322,330,22,MANADO,2026-02-03 15:56:54,2026-02-03 15:56:54
323,331,22,KOTAMOBAGU,2026-02-03 15:56:54,2026-02-03 15:56:54
324,332,22,BOLAANG MONGONDOW UTARA,2026-02-03 15:56:54,2026-02-03 15:56:54
325,333,22,BOLAANG MONGONDOW,2026-02-03 15:56:54,2026-02-03 15:56:54
326,335,22,BOLAANG MONGONDOW SELATAN,2026-02-03 15:56:54,2026-02-03 15:56:54
327,336,22,BOLAANG MONGONDOW TIMUR,2026-02-03 15:56:54,2026-02-03 15:56:54
328,338,22,KEPULAUAN SANGIHE,2026-02-03 15:56:54,2026-02-03 15:56:54
329,339,22,KEPULAUAN SIAU TAGULANDANG BIARO (SITARO),2026-02-03 15:56:54,2026-02-03 15:56:54
330,341,22,MINAHASA,2026-02-03 15:56:54,2026-02-03 15:56:54
331,342,22,BITUNG,2026-02-03 15:56:54,2026-02-03 15:56:54
332,347,22,KEPULAUAN TALAUD,2026-02-03 15:56:54,2026-02-03 15:56:54
333,348,22,MINAHASA UTARA,2026-02-03 15:56:54,2026-02-03 15:56:54
334,349,22,MINAHASA SELATAN,2026-02-03 15:56:54,2026-02-03 15:56:54
335,351,22,MINAHASA TENGGARA,2026-02-03 15:56:54,2026-02-03 15:56:54
336,352,22,TOMOHON,2026-02-03 15:56:54,2026-02-03 15:56:54
337,397,23,PADANG,2026-02-03 15:56:54,2026-02-03 15:56:54
338,399,23,TANAH DATAR,2026-02-03 15:56:54,2026-02-03 15:56:54
339,401,23,BUKITTINGGI,2026-02-03 15:56:54,2026-02-03 15:56:54
340,402,23,PASAMAN,2026-02-03 15:56:54,2026-02-03 15:56:54
341,404,23,PESISIR SELATAN,2026-02-03 15:56:54,2026-02-03 15:56:54
342,405,23,PARIAMAN,2026-02-03 15:56:54,2026-02-03 15:56:54
343,406,23,PADANG PARIAMAN,2026-02-03 15:56:54,2026-02-03 15:56:54
344,407,23,LIMA PULUH KOTA,2026-02-03 15:56:54,2026-02-03 15:56:54
345,408,23,PAYAKUMBUH,2026-02-03 15:56:54,2026-02-03 15:56:54
346,410,23,SAWAH LUNTO,2026-02-03 15:56:54,2026-02-03 15:56:54
347,411,23,SOLOK,2026-02-03 15:56:54,2026-02-03 15:56:54
348,412,23,PADANG PANJANG,2026-02-03 15:56:54,2026-02-03 15:56:54
349,413,23,DHARMASRAYA,2026-02-03 15:56:54,2026-02-03 15:56:54
350,416,23,KEPULAUAN MENTAWAI,2026-02-03 15:56:54,2026-02-03 15:56:54
351,419,23,PASAMAN BARAT,2026-02-03 15:56:54,2026-02-03 15:56:54
352,424,23,SOLOK SELATAN,2026-02-03 15:56:54,2026-02-03 15:56:54
353,426,23,SIJUNJUNG,2026-02-03 15:56:54,2026-02-03 15:56:54
354,427,23,AGAM,2026-02-03 15:56:54,2026-02-03 15:56:54
355,428,24,PANGKAL PINANG,2026-02-03 15:56:54,2026-02-03 15:56:54
356,429,24,BANGKA,2026-02-03 15:56:54,2026-02-03 15:56:54
357,430,24,BANGKA BARAT,2026-02-03 15:56:54,2026-02-03 15:56:54
358,431,24,BANGKA TENGAH,2026-02-03 15:56:54,2026-02-03 15:56:54
359,432,24,BANGKA SELATAN,2026-02-03 15:56:54,2026-02-03 15:56:54
360,596,24,BELITUNG,2026-02-03 15:56:54,2026-02-03 15:56:54
361,597,24,BELITUNG TIMUR,2026-02-03 15:56:54,2026-02-03 15:56:54
362,433,25,PEKANBARU,2026-02-03 15:56:55,2026-02-03 15:56:55
363,434,25,DUMAI,2026-02-03 15:56:55,2026-02-03 15:56:55
364,435,25,KAMPAR,2026-02-03 15:56:55,2026-02-03 15:56:55
365,436,25,BENGKALIS,2026-02-03 15:56:55,2026-02-03 15:56:55
366,438,25,INDRAGIRI HULU,2026-02-03 15:56:55,2026-02-03 15:56:55
367,439,25,INDRAGIRI HILIR,2026-02-03 15:56:55,2026-02-03 15:56:55
368,441,25,ROKAN HILIR,2026-02-03 15:56:55,2026-02-03 15:56:55
369,443,25,KUANTAN SINGINGI,2026-02-03 15:56:55,2026-02-03 15:56:55
370,444,25,PELALAWAN,2026-02-03 15:56:55,2026-02-03 15:56:55
371,447,25,ROKAN HULU,2026-02-03 15:56:55,2026-02-03 15:56:55
372,451,25,SIAK,2026-02-03 15:56:55,2026-02-03 15:56:55
373,454,25,KEPULAUAN MERANTI,2026-02-03 15:56:55,2026-02-03 15:56:55
374,473,26,PALEMBANG,2026-02-03 15:56:55,2026-02-03 15:56:55
375,475,26,MUSI RAWAS,2026-02-03 15:56:55,2026-02-03 15:56:55
376,476,26,MUSI RAWAS UTARA,2026-02-03 15:56:55,2026-02-03 15:56:55
377,479,26,OGAN KOMERING ULU,2026-02-03 15:56:55,2026-02-03 15:56:55
378,480,26,OGAN KOMERING ILIR,2026-02-03 15:56:55,2026-02-03 15:56:55
379,482,26,LAHAT,2026-02-03 15:56:55,2026-02-03 15:56:55
380,485,26,MUARA ENIM,2026-02-03 15:56:55,2026-02-03 15:56:55
381,486,26,PENUKAL ABAB LEMATANG ILIR,2026-02-03 15:56:55,2026-02-03 15:56:55
382,487,26,PAGAR ALAM,2026-02-03 15:56:55,2026-02-03 15:56:55
383,488,26,PRABUMULIH,2026-02-03 15:56:55,2026-02-03 15:56:55
384,489,26,MUSI BANYUASIN,2026-02-03 15:56:55,2026-02-03 15:56:55
385,491,26,BANYUASIN,2026-02-03 15:56:55,2026-02-03 15:56:55
386,492,26,EMPAT LAWANG,2026-02-03 15:56:55,2026-02-03 15:56:55
387,493,26,OGAN ILIR,2026-02-03 15:56:55,2026-02-03 15:56:55
388,494,26,OGAN KOMERING ULU TIMUR,2026-02-03 15:56:55,2026-02-03 15:56:55
389,495,26,OGAN KOMERING ULU SELATAN,2026-02-03 15:56:55,2026-02-03 15:56:55
390,496,26,LUBUK LINGGAU,2026-02-03 15:56:55,2026-02-03 15:56:55
391,497,27,PALU,2026-02-03 15:56:56,2026-02-03 15:56:56
392,498,27,BANGGAI,2026-02-03 15:56:56,2026-02-03 15:56:56
393,499,27,POSO,2026-02-03 15:56:56,2026-02-03 15:56:56
394,500,27,TOLI-TOLI,2026-02-03 15:56:56,2026-02-03 15:56:56
395,501,27,BANGGAI LAUT,2026-02-03 15:56:56,2026-02-03 15:56:56
396,502,27,BANGGAI KEPULAUAN,2026-02-03 15:56:56,2026-02-03 15:56:56
397,504,27,BUOL,2026-02-03 15:56:56,2026-02-03 15:56:56
398,505,27,DONGGALA,2026-02-03 15:56:56,2026-02-03 15:56:56
399,507,27,SIGI,2026-02-03 15:56:56,2026-02-03 15:56:56
400,509,27,MOROWALI,2026-02-03 15:56:56,2026-02-03 15:56:56
401,510,27,MOROWALI UTARA,2026-02-03 15:56:56,2026-02-03 15:56:56
402,511,27,PARIGI MOUTONG,2026-02-03 15:56:56,2026-02-03 15:56:56
403,512,27,TOJO UNA-UNA,2026-02-03 15:56:56,2026-02-03 15:56:56
404,513,28,PONTIANAK,2026-02-03 15:56:56,2026-02-03 15:56:56
405,514,28,KETAPANG,2026-02-03 15:56:56,2026-02-03 15:56:56
406,515,28,SANGGAU,2026-02-03 15:56:56,2026-02-03 15:56:56
407,516,28,SINGKAWANG,2026-02-03 15:56:56,2026-02-03 15:56:56
408,517,28,SINTANG,2026-02-03 15:56:56,2026-02-03 15:56:56
409,519,28,KAPUAS HULU,2026-02-03 15:56:56,2026-02-03 15:56:56
410,522,28,BENGKAYANG,2026-02-03 15:56:56,2026-02-03 15:56:56
411,523,28,LANDAK,2026-02-03 15:56:56,2026-02-03 15:56:56
412,524,28,MELAWI,2026-02-03 15:56:56,2026-02-03 15:56:56
413,526,28,MEMPAWAH,2026-02-03 15:56:56,2026-02-03 15:56:56
414,527,28,KUBU RAYA,2026-02-03 15:56:56,2026-02-03 15:56:56
415,528,28,SAMBAS,2026-02-03 15:56:56,2026-02-03 15:56:56
416,529,28,SEKADAU,2026-02-03 15:56:56,2026-02-03 15:56:56
417,530,28,KAYONG UTARA,2026-02-03 15:56:56,2026-02-03 15:56:56
418,546,29,SORONG,2026-02-03 15:56:56,2026-02-03 15:56:56
419,547,29,TAMBRAUW,2026-02-03 15:56:56,2026-02-03 15:56:56
420,548,29,FAKFAK,2026-02-03 15:56:56,2026-02-03 15:56:56
421,549,29,KAIMANA,2026-02-03 15:56:56,2026-02-03 15:56:56
422,551,29,RAJA AMPAT,2026-02-03 15:56:56,2026-02-03 15:56:56
423,552,29,SORONG SELATAN,2026-02-03 15:56:56,2026-02-03 15:56:56
424,553,29,MAYBRAT,2026-02-03 15:56:56,2026-02-03 15:56:56
425,554,29,TELUK BINTUNI,2026-02-03 15:56:56,2026-02-03 15:56:56
426,556,29,TELUK WONDAMA,2026-02-03 15:56:56,2026-02-03 15:56:56
427,557,29,MANOKWARI,2026-02-03 15:56:56,2026-02-03 15:56:56
428,558,29,PEGUNUNGAN ARFAK,2026-02-03 15:56:56,2026-02-03 15:56:56
429,559,29,MANOKWARI SELATAN,2026-02-03 15:56:56,2026-02-03 15:56:56
430,598,30,BANDAR LAMPUNG,2026-02-03 15:56:57,2026-02-03 15:56:57
431,599,30,LAMPUNG SELATAN,2026-02-03 15:56:57,2026-02-03 15:56:57
432,600,30,LAMPUNG UTARA,2026-02-03 15:56:57,2026-02-03 15:56:57
433,601,30,METRO,2026-02-03 15:56:57,2026-02-03 15:56:57
434,603,30,LAMPUNG BARAT,2026-02-03 15:56:57,2026-02-03 15:56:57
435,604,30,PESISIR BARAT,2026-02-03 15:56:57,2026-02-03 15:56:57
436,605,30,LAMPUNG TENGAH,2026-02-03 15:56:57,2026-02-03 15:56:57
437,607,30,LAMPUNG TIMUR,2026-02-03 15:56:57,2026-02-03 15:56:57
438,608,30,WAY KANAN,2026-02-03 15:56:57,2026-02-03 15:56:57
439,609,30,TULANG BAWANG,2026-02-03 15:56:57,2026-02-03 15:56:57
440,610,30,MESUJI,2026-02-03 15:56:57,2026-02-03 15:56:57
441,611,30,TULANG BAWANG BARAT,2026-02-03 15:56:57,2026-02-03 15:56:57
442,615,30,PRINGSEWU,2026-02-03 15:56:57,2026-02-03 15:56:57
443,616,30,TANGGAMUS,2026-02-03 15:56:57,2026-02-03 15:56:57
444,618,30,PESAWARAN,2026-02-03 15:56:57,2026-02-03 15:56:57
445,626,31,TARAKAN,2026-02-03 15:56:57,2026-02-03 15:56:57
446,627,31,BULUNGAN,2026-02-03 15:56:57,2026-02-03 15:56:57
447,628,31,MALINAU,2026-02-03 15:56:57,2026-02-03 15:56:57
448,629,31,NUNUKAN,2026-02-03 15:56:57,2026-02-03 15:56:57
449,631,31,TANA TIDUNG,2026-02-03 15:56:57,2026-02-03 15:56:57
450,636,32,TERNATE,2026-02-03 15:56:58,2026-02-03 15:56:58
451,637,32,HALMAHERA BARAT,2026-02-03 15:56:58,2026-02-03 15:56:58
452,639,32,HALMAHERA SELATAN,2026-02-03 15:56:58,2026-02-03 15:56:58
453,640,32,HALMAHERA TENGAH,2026-02-03 15:56:58,2026-02-03 15:56:58
454,641,32,HALMAHERA TIMUR,2026-02-03 15:56:58,2026-02-03 15:56:58
455,642,32,HALMAHERA UTARA,2026-02-03 15:56:58,2026-02-03 15:56:58
456,643,32,PULAU MOROTAI,2026-02-03 15:56:58,2026-02-03 15:56:58
457,644,32,KEPULAUAN SULA,2026-02-03 15:56:58,2026-02-03 15:56:58
458,646,32,PULAU TALIABU,2026-02-03 15:56:58,2026-02-03 15:56:58
459,647,32,TIDORE KEPULAUAN,2026-02-03 15:56:58,2026-02-03 15:56:58
460,648,33,MAKASSAR,2026-02-03 15:56:58,2026-02-03 15:56:58
461,649,33,BANTAENG,2026-02-03 15:56:58,2026-02-03 15:56:58
462,650,33,BARRU,2026-02-03 15:56:58,2026-02-03 15:56:58
463,651,33,BULUKUMBA,2026-02-03 15:56:58,2026-02-03 15:56:58
464,652,33,ENREKANG,2026-02-03 15:56:58,2026-02-03 15:56:58
465,653,33,JENEPONTO,2026-02-03 15:56:58,2026-02-03 15:56:58
466,654,33,TANA TORAJA,2026-02-03 15:56:58,2026-02-03 15:56:58
467,655,33,TORAJA UTARA,2026-02-03 15:56:58,2026-02-03 15:56:58
468,659,33,MAROS,2026-02-03 15:56:58,2026-02-03 15:56:58
469,663,33,PALOPO,2026-02-03 15:56:58,2026-02-03 15:56:58
470,664,33,PINRANG,2026-02-03 15:56:58,2026-02-03 15:56:58
471,667,33,SIDENRENG RAPPANG,2026-02-03 15:56:58,2026-02-03 15:56:58
472,670,33,WAJO,2026-02-03 15:56:58,2026-02-03 15:56:58
473,671,33,SINJAI,2026-02-03 15:56:58,2026-02-03 15:56:58
474,673,33,GOWA,2026-02-03 15:56:58,2026-02-03 15:56:58
475,674,33,TAKALAR,2026-02-03 15:56:58,2026-02-03 15:56:58
476,676,33,BONE,2026-02-03 15:56:58,2026-02-03 15:56:58
477,678,33,SOPPENG,2026-02-03 15:56:58,2026-02-03 15:56:58
478,679,33,KEPULAUAN SELAYAR,2026-02-03 15:56:58,2026-02-03 15:56:58
479,680,33,PANGKAJENE KEPULAUAN,2026-02-03 15:56:58,2026-02-03 15:56:58
480,683,33,PAREPARE,2026-02-03 15:56:58,2026-02-03 15:56:58
481,684,33,LUWU,2026-02-03 15:56:58,2026-02-03 15:56:58
482,685,33,LUWU TIMUR,2026-02-03 15:56:58,2026-02-03 15:56:58
483,686,33,LUWU UTARA,2026-02-03 15:56:58,2026-02-03 15:56:58
484,657,34,MAMUJU,2026-02-03 15:56:58,2026-02-03 15:56:58
485,658,34,MAMUJU TENGAH,2026-02-03 15:56:58,2026-02-03 15:56:58
486,662,34,MAJENE,2026-02-03 15:56:58,2026-02-03 15:56:58
487,665,34,POLEWALI MANDAR,2026-02-03 15:56:58,2026-02-03 15:56:58
488,687,34,MAMASA,2026-02-03 15:56:58,2026-02-03 15:56:58
489,688,34,MAMUJU UTARA,2026-02-03 15:56:58,2026-02-03 15:56:58
