id,rajaongkir_id,city_id,name,created_at,updated_at
1,822,83,PENAJAM,2026-02-08 16:32:05,2026-02-08 16:32:05
2,823,83,WARU,2026-02-08 16:32:05,2026-02-08 16:32:05
3,824,83,BABULU,2026-02-08 16:32:05,2026-02-08 16:32:05
4,825,83,SEPAKU,2026-02-08 16:32:05,2026-02-08 16:32:05
5,1394,126,PANDEGLANG,2026-02-08 16:32:05,2026-02-08 16:32:05
6,1395,126,BANJAR,2026-02-08 16:32:05,2026-02-08 16:32:05
7,1396,126,BOJONG,2026-02-08 16:32:05,2026-02-08 16:32:05
8,1397,126,CIBALIUNG,2026-02-08 16:32:05,2026-02-08 16:32:05
9,1398,126,CIKEUSIK,2026-02-08 16:32:05,2026-02-08 16:32:05
10,1399,126,CIMANGGU,2026-02-08 16:32:05,2026-02-08 16:32:05
11,1400,126,CIMANUK,2026-02-08 16:32:05,2026-02-08 16:32:05
12,1401,126,JIPUT,2026-02-08 16:32:05,2026-02-08 16:32:05
13,1402,126,LABUAN,2026-02-08 16:32:05,2026-02-08 16:32:05
14,1403,126,MANDALAWANGI,2026-02-08 16:32:05,2026-02-08 16:32:05
15,1404,126,MENES,2026-02-08 16:32:05,2026-02-08 16:32:05
16,1405,126,MUNJUL,2026-02-08 16:32:05,2026-02-08 16:32:05
17,1406,126,PAGELARAN,2026-02-08 16:32:05,2026-02-08 16:32:05
18,1407,126,SAKETI,2026-02-08 16:32:05,2026-02-08 16:32:05
19,1408,126,SUMUR,2026-02-08 16:32:05,2026-02-08 16:32:05
20,1409,126,ANGSANA,2026-02-08 16:32:05,2026-02-08 16:32:05
21,1410,126,CARITA,2026-02-08 16:32:05,2026-02-08 16:32:05
22,1411,126,CIBITUNG,2026-02-08 16:32:05,2026-02-08 16:32:05
23,1412,126,CIGEULIS,2026-02-08 16:32:05,2026-02-08 16:32:05
24,1413,126,CIKEUDAL (CIKEDAL),2026-02-08 16:32:05,2026-02-08 16:32:05
25,1414,126,CIPEUCANG,2026-02-08 16:32:05,2026-02-08 16:32:05
26,1415,126,CISATA,2026-02-08 16:32:05,2026-02-08 16:32:05
27,1416,126,KADUHEJO,2026-02-08 16:32:05,2026-02-08 16:32:05
28,1417,126,PANIMBANG,2026-02-08 16:32:05,2026-02-08 16:32:05
29,1418,126,PATIA,2026-02-08 16:32:05,2026-02-08 16:32:05
30,1419,126,PICUNG,2026-02-08 16:32:05,2026-02-08 16:32:05
31,1420,126,SUKARESMI,2026-02-08 16:32:05,2026-02-08 16:32:05
32,1421,126,KORONCONG,2026-02-08 16:32:05,2026-02-08 16:32:05
33,1422,126,MEKARJAYA,2026-02-08 16:32:05,2026-02-08 16:32:05
34,1423,126,PULOSARI,2026-02-08 16:32:05,2026-02-08 16:32:05
35,1424,126,SINDANGRESMI,2026-02-08 16:32:05,2026-02-08 16:32:05
36,1425,126,SOBANG,2026-02-08 16:32:05,2026-02-08 16:32:05
37,1426,126,CADASARI,2026-02-08 16:32:05,2026-02-08 16:32:05
38,1427,126,KARANG TANJUNG,2026-02-08 16:32:05,2026-02-08 16:32:05
39,1428,126,MAJASARI,2026-02-08 16:32:05,2026-02-08 16:32:05
40,745,55,BOGOR BARAT - KOTA,2026-02-08 16:35:47,2026-02-08 16:35:47
41,746,55,BOGOR SELATAN - KOTA,2026-02-08 16:35:47,2026-02-08 16:35:47
42,747,55,BOGOR TENGAH - KOTA,2026-02-08 16:35:48,2026-02-08 16:35:48
43,748,55,BOGOR TIMUR - KOTA,2026-02-08 16:35:48,2026-02-08 16:35:48
44,749,55,BOGOR UTARA - KOTA,2026-02-08 16:35:48,2026-02-08 16:35:48
45,750,55,TANAH SEREAL,2026-02-08 16:35:48,2026-02-08 16:35:48
46,751,55,CIBINONG,2026-02-08 16:35:48,2026-02-08 16:35:48
47,752,55,CARINGIN,2026-02-08 16:35:48,2026-02-08 16:35:48
48,753,55,CARIU,2026-02-08 16:35:48,2026-02-08 16:35:48
49,754,55,CIAWI,2026-02-08 16:35:48,2026-02-08 16:35:48
50,755,55,CIAMPEA,2026-02-08 16:35:48,2026-02-08 16:35:48
51,756,55,CIBUNGBULANG,2026-02-08 16:35:48,2026-02-08 16:35:48
52,757,55,CIGUDEG,2026-02-08 16:35:48,2026-02-08 16:35:48
53,758,55,CIJERUK,2026-02-08 16:35:48,2026-02-08 16:35:48
54,759,55,CILEUNGSI,2026-02-08 16:35:48,2026-02-08 16:35:48
55,760,55,CIOMAS,2026-02-08 16:35:48,2026-02-08 16:35:48
56,761,55,CISARUA,2026-02-08 16:35:48,2026-02-08 16:35:48
57,762,55,CITEUREUP,2026-02-08 16:35:48,2026-02-08 16:35:48
58,763,55,DRAMAGA,2026-02-08 16:35:48,2026-02-08 16:35:48
59,764,55,GUNUNG SINDUR,2026-02-08 16:35:48,2026-02-08 16:35:48
60,765,55,JASINGA,2026-02-08 16:35:48,2026-02-08 16:35:48
61,766,55,JONGGOL,2026-02-08 16:35:48,2026-02-08 16:35:48
62,767,55,LEUWILIANG,2026-02-08 16:35:48,2026-02-08 16:35:48
63,768,55,MEGAMENDUNG,2026-02-08 16:35:48,2026-02-08 16:35:48
64,769,55,NANGGUNG,2026-02-08 16:35:48,2026-02-08 16:35:48
65,770,55,PARUNG,2026-02-08 16:35:48,2026-02-08 16:35:48
66,771,55,PARUNG PANJANG,2026-02-08 16:35:48,2026-02-08 16:35:48
67,772,55,RUMPIN,2026-02-08 16:35:48,2026-02-08 16:35:48
68,773,55,TENJO,2026-02-08 16:35:48,2026-02-08 16:35:48
69,774,55,BABAKAN MADANG,2026-02-08 16:35:48,2026-02-08 16:35:48
70,775,55,BOJONGGEDE,2026-02-08 16:35:48,2026-02-08 16:35:48
71,776,55,CIGOMBONG,2026-02-08 16:35:48,2026-02-08 16:35:48
72,777,55,CISEENG,2026-02-08 16:35:48,2026-02-08 16:35:48
73,778,55,KEMANG,2026-02-08 16:35:48,2026-02-08 16:35:48
74,779,55,KLAPANUNGGAL,2026-02-08 16:35:48,2026-02-08 16:35:48
75,780,55,LEUWISADENG,2026-02-08 16:35:48,2026-02-08 16:35:48
76,781,55,PAMIJAHAN,2026-02-08 16:35:48,2026-02-08 16:35:48
77,782,55,RANCA BUNGUR,2026-02-08 16:35:48,2026-02-08 16:35:48
78,783,55,SUKAJAYA,2026-02-08 16:35:48,2026-02-08 16:35:48
79,784,55,SUKAMAKMUR,2026-02-08 16:35:48,2026-02-08 16:35:48
80,785,55,SUKARAJA,2026-02-08 16:35:48,2026-02-08 16:35:48
81,786,55,TAJURHALANG,2026-02-08 16:35:48,2026-02-08 16:35:48
82,787,55,TAMANSARI,2026-02-08 16:35:48,2026-02-08 16:35:48
83,788,55,TANJUNGSARI,2026-02-08 16:35:48,2026-02-08 16:35:48
84,789,55,TENJOLAYA,2026-02-08 16:35:48,2026-02-08 16:35:48
85,790,55,GUNUNG PUTRI,2026-02-08 16:35:48,2026-02-08 16:35:48
86,423,48,BANDUNG,2026-02-08 16:36:14,2026-02-08 16:36:14
87,424,48,CIBIRU,2026-02-08 16:36:14,2026-02-08 16:36:14
88,425,48,UJUNG BERUNG,2026-02-08 16:36:14,2026-02-08 16:36:14
89,426,48,SUKASARI,2026-02-08 16:36:14,2026-02-08 16:36:14
90,427,48,ANTAPANI (CICADAS),2026-02-08 16:36:14,2026-02-08 16:36:14
91,428,48,CIDADAP,2026-02-08 16:36:14,2026-02-08 16:36:14
92,429,48,LENGKONG,2026-02-08 16:36:14,2026-02-08 16:36:14
93,430,48,ANDIR,2026-02-08 16:36:14,2026-02-08 16:36:14
94,431,48,ARCAMANIK,2026-02-08 16:36:14,2026-02-08 16:36:14
95,432,48,ASTANA ANYAR,2026-02-08 16:36:14,2026-02-08 16:36:14
96,433,48,BABAKAN CIPARAY,2026-02-08 16:36:14,2026-02-08 16:36:14
97,434,48,BANDUNG KIDUL,2026-02-08 16:36:14,2026-02-08 16:36:14
98,435,48,BANDUNG KULON,2026-02-08 16:36:14,2026-02-08 16:36:14
99,436,48,BANDUNG WETAN,2026-02-08 16:36:14,2026-02-08 16:36:14
100,437,48,BATUNUNGGAL,2026-02-08 16:36:14,2026-02-08 16:36:14
101,438,48,BOJONGLOA KALER,2026-02-08 16:36:14,2026-02-08 16:36:14
102,439,48,BOJONGLOA KIDUL,2026-02-08 16:36:14,2026-02-08 16:36:14
103,440,48,CIBEUNYING KALER,2026-02-08 16:36:14,2026-02-08 16:36:14
104,441,48,CIBEUNYING KIDUL,2026-02-08 16:36:14,2026-02-08 16:36:14
105,442,48,CICENDO,2026-02-08 16:36:14,2026-02-08 16:36:14
106,443,48,COBLONG,2026-02-08 16:36:14,2026-02-08 16:36:14
107,444,48,KIARACONDONG,2026-02-08 16:36:14,2026-02-08 16:36:14
108,445,48,BUAHBATU (MARGACINTA),2026-02-08 16:36:14,2026-02-08 16:36:14
109,446,48,RANCASARI,2026-02-08 16:36:14,2026-02-08 16:36:14
110,447,48,REGOL,2026-02-08 16:36:14,2026-02-08 16:36:14
111,448,48,SUKAJADI,2026-02-08 16:36:14,2026-02-08 16:36:14
112,449,48,SUMUR BANDUNG,2026-02-08 16:36:14,2026-02-08 16:36:14
113,450,48,CINAMBO,2026-02-08 16:36:14,2026-02-08 16:36:14
114,451,48,GEDEBAGE,2026-02-08 16:36:14,2026-02-08 16:36:14
115,452,48,MANDALAJATI,2026-02-08 16:36:14,2026-02-08 16:36:14
116,453,48,PANYILEUKAN,2026-02-08 16:36:14,2026-02-08 16:36:14
117,454,48,SOREANG,2026-02-08 16:36:14,2026-02-08 16:36:14
118,455,48,ARJASARI,2026-02-08 16:36:14,2026-02-08 16:36:14
119,456,48,BALEENDAH,2026-02-08 16:36:14,2026-02-08 16:36:14
120,457,48,BANJARAN,2026-02-08 16:36:14,2026-02-08 16:36:14
121,458,48,BOJONGSOANG,2026-02-08 16:36:14,2026-02-08 16:36:14
122,459,48,CANGKUANG,2026-02-08 16:36:14,2026-02-08 16:36:14
123,460,48,CICALENGKA,2026-02-08 16:36:14,2026-02-08 16:36:14
124,461,48,CIKANCUNG,2026-02-08 16:36:14,2026-02-08 16:36:14
125,462,48,CILENGKRANG,2026-02-08 16:36:14,2026-02-08 16:36:14
126,463,48,CILEUNYI,2026-02-08 16:36:14,2026-02-08 16:36:14
127,464,48,CIMAUNG,2026-02-08 16:36:14,2026-02-08 16:36:14
128,465,48,CIMEUNYAN,2026-02-08 16:36:14,2026-02-08 16:36:14
129,466,48,CIPARAY,2026-02-08 16:36:14,2026-02-08 16:36:14
130,467,48,CIWIDEY,2026-02-08 16:36:14,2026-02-08 16:36:14
131,468,48,DAYEUHKOLOT,2026-02-08 16:36:14,2026-02-08 16:36:14
132,469,48,IBUN,2026-02-08 16:36:14,2026-02-08 16:36:14
133,470,48,KERTASARI,2026-02-08 16:36:14,2026-02-08 16:36:14
134,471,48,KATAPANG,2026-02-08 16:36:14,2026-02-08 16:36:14
135,472,48,MAJALAYA,2026-02-08 16:36:14,2026-02-08 16:36:14
136,473,48,MARGAASIH,2026-02-08 16:36:14,2026-02-08 16:36:14
137,474,48,MARGAHAYU,2026-02-08 16:36:14,2026-02-08 16:36:14
138,475,48,NAGREG,2026-02-08 16:36:14,2026-02-08 16:36:14
139,476,48,PACET,2026-02-08 16:36:14,2026-02-08 16:36:14
140,477,48,PAMEUNGPEUK,2026-02-08 16:36:14,2026-02-08 16:36:14
141,478,48,PANGALENGAN,2026-02-08 16:36:14,2026-02-08 16:36:14
142,479,48,PASEH,2026-02-08 16:36:14,2026-02-08 16:36:14
143,480,48,PASIRJAMBU,2026-02-08 16:36:14,2026-02-08 16:36:14
144,481,48,RANCA BALI,2026-02-08 16:36:14,2026-02-08 16:36:14
145,482,48,RANCAEKEK,2026-02-08 16:36:14,2026-02-08 16:36:14
146,483,48,SOLOKAN JERUK,2026-02-08 16:36:14,2026-02-08 16:36:14
147,484,48,KUTAWARINGIN,2026-02-08 16:36:14,2026-02-08 16:36:14
148,485,49,CIMAHI SELATAN,2026-02-08 16:36:18,2026-02-08 16:36:18
149,486,49,CIMAHI TENGAH,2026-02-08 16:36:18,2026-02-08 16:36:18
150,487,49,CIMAHI UTARA,2026-02-08 16:36:18,2026-02-08 16:36:18
151,488,50,BUAHDUA,2026-02-08 16:36:46,2026-02-08 16:36:46
152,489,50,CIBUGEL,2026-02-08 16:36:46,2026-02-08 16:36:46
153,490,50,CIMALAKA,2026-02-08 16:36:46,2026-02-08 16:36:46
154,491,50,CIMANGGUNG,2026-02-08 16:36:46,2026-02-08 16:36:46
155,492,50,CONGGEANG,2026-02-08 16:36:46,2026-02-08 16:36:46
156,493,50,DARMARAJA,2026-02-08 16:36:46,2026-02-08 16:36:46
157,494,50,GANEAS,2026-02-08 16:36:46,2026-02-08 16:36:46
158,495,50,PAMULIHAN,2026-02-08 16:36:46,2026-02-08 16:36:46
159,496,50,PASEH,2026-02-08 16:36:46,2026-02-08 16:36:46
160,497,50,RANCAKALONG,2026-02-08 16:36:46,2026-02-08 16:36:46
161,498,50,SITURAJA,2026-02-08 16:36:46,2026-02-08 16:36:46
162,499,50,SUKASARI,2026-02-08 16:36:46,2026-02-08 16:36:46
163,500,50,SURIAN,2026-02-08 16:36:46,2026-02-08 16:36:46
164,501,50,TANJUNGKERTA,2026-02-08 16:36:46,2026-02-08 16:36:46
165,502,50,TANJUNGSARI,2026-02-08 16:36:46,2026-02-08 16:36:46
166,503,50,TOMO,2026-02-08 16:36:46,2026-02-08 16:36:46
167,504,50,UJUNGJAYA,2026-02-08 16:36:46,2026-02-08 16:36:46
168,505,50,WADO,2026-02-08 16:36:46,2026-02-08 16:36:46
169,506,50,JATINANGOR,2026-02-08 16:36:46,2026-02-08 16:36:46
170,507,50,CISARUA,2026-02-08 16:36:46,2026-02-08 16:36:46
171,508,50,CISITU,2026-02-08 16:36:46,2026-02-08 16:36:46
172,509,50,JATIGEDE,2026-02-08 16:36:46,2026-02-08 16:36:46
173,510,50,JATINUNGGAL,2026-02-08 16:36:46,2026-02-08 16:36:46
174,511,50,SUMEDANG SELATAN,2026-02-08 16:36:46,2026-02-08 16:36:46
175,512,50,SUMEDANG UTARA,2026-02-08 16:36:46,2026-02-08 16:36:46
176,513,50,TANJUNGMEDAR,2026-02-08 16:36:46,2026-02-08 16:36:46
177,514,51,BANJARWANGI,2026-02-08 16:36:53,2026-02-08 16:36:53
178,515,51,BANYURESMI,2026-02-08 16:36:53,2026-02-08 16:36:53
179,516,51,BAYONGBONG,2026-02-08 16:36:53,2026-02-08 16:36:53
180,517,51,BLUBUR LIMBANGAN,2026-02-08 16:36:53,2026-02-08 16:36:53
181,518,51,BUNGBULANG,2026-02-08 16:36:53,2026-02-08 16:36:53
182,519,51,CIBATU,2026-02-08 16:36:53,2026-02-08 16:36:53
183,520,51,CIBALONG,2026-02-08 16:36:53,2026-02-08 16:36:53
184,521,51,CIBIUK,2026-02-08 16:36:53,2026-02-08 16:36:53
185,522,51,CIKELET,2026-02-08 16:36:53,2026-02-08 16:36:53
186,523,51,CIKAJANG,2026-02-08 16:36:53,2026-02-08 16:36:53
187,524,51,CILAWU,2026-02-08 16:36:53,2026-02-08 16:36:53
188,525,51,CISOMPET,2026-02-08 16:36:53,2026-02-08 16:36:53
189,526,51,CISURUPAN,2026-02-08 16:36:53,2026-02-08 16:36:53
190,527,51,CISEWU,2026-02-08 16:36:53,2026-02-08 16:36:53
191,528,51,KADUNGORA,2026-02-08 16:36:53,2026-02-08 16:36:53
192,529,51,KARANGPAWITAN,2026-02-08 16:36:53,2026-02-08 16:36:53
193,530,51,LELES,2026-02-08 16:36:53,2026-02-08 16:36:53
194,531,51,LEUWIGOONG,2026-02-08 16:36:53,2026-02-08 16:36:53
195,532,51,MALANGBONG,2026-02-08 16:36:53,2026-02-08 16:36:53
196,533,51,PAKENJENG,2026-02-08 16:36:53,2026-02-08 16:36:53
197,534,51,PAMEUNGPEUK,2026-02-08 16:36:53,2026-02-08 16:36:53
198,535,51,PAMULIHAN,2026-02-08 16:36:53,2026-02-08 16:36:53
199,536,51,PEUNDEUY,2026-02-08 16:36:53,2026-02-08 16:36:53
200,537,51,SAMARANG,2026-02-08 16:36:53,2026-02-08 16:36:53
201,538,51,SELAAWI,2026-02-08 16:36:53,2026-02-08 16:36:53
202,539,51,SINGAJAYA,2026-02-08 16:36:53,2026-02-08 16:36:53
203,540,51,SUKAWENING,2026-02-08 16:36:53,2026-02-08 16:36:53
204,541,51,TALEGONG,2026-02-08 16:36:53,2026-02-08 16:36:53
205,542,51,WANARAJA,2026-02-08 16:36:53,2026-02-08 16:36:53
206,543,51,CARINGIN,2026-02-08 16:36:53,2026-02-08 16:36:53
207,544,51,KARANGTENGAH,2026-02-08 16:36:53,2026-02-08 16:36:53
208,545,51,SUKARESMI,2026-02-08 16:36:53,2026-02-08 16:36:53
209,546,51,CIGEDUG,2026-02-08 16:36:53,2026-02-08 16:36:53
210,547,51,CIHURIP,2026-02-08 16:36:53,2026-02-08 16:36:53
211,548,51,KERSAMANAH,2026-02-08 16:36:53,2026-02-08 16:36:53
212,549,51,MEKARMUKTI,2026-02-08 16:36:53,2026-02-08 16:36:53
213,550,51,PANGATIKAN,2026-02-08 16:36:53,2026-02-08 16:36:53
214,551,51,PASIRWANGI,2026-02-08 16:36:53,2026-02-08 16:36:53
215,552,51,SUCINARAJA,2026-02-08 16:36:53,2026-02-08 16:36:53
216,553,51,TAROGONG KALER,2026-02-08 16:36:53,2026-02-08 16:36:53
217,554,51,TAROGONG KIDUL,2026-02-08 16:36:53,2026-02-08 16:36:53
218,555,51,GARUT KOTA,2026-02-08 16:36:53,2026-02-08 16:36:53
219,556,52,NGAMPRAH,2026-02-08 16:36:56,2026-02-08 16:36:56
220,557,52,LEMBANG,2026-02-08 16:36:56,2026-02-08 16:36:56
221,558,52,BATUJAJAR,2026-02-08 16:36:56,2026-02-08 16:36:56
222,559,52,CIKALONG WETAN,2026-02-08 16:36:56,2026-02-08 16:36:56
223,560,52,CILILIN,2026-02-08 16:36:56,2026-02-08 16:36:56
224,561,52,CIPEUNDEUY,2026-02-08 16:36:56,2026-02-08 16:36:56
225,562,52,CIPATAT,2026-02-08 16:36:56,2026-02-08 16:36:56
226,563,52,CIPONGKOR,2026-02-08 16:36:56,2026-02-08 16:36:56
227,564,52,CISARUA,2026-02-08 16:36:56,2026-02-08 16:36:56
228,565,52,GUNUNGHALU,2026-02-08 16:36:56,2026-02-08 16:36:56
229,566,52,PADALARANG,2026-02-08 16:36:56,2026-02-08 16:36:56
230,567,52,SINDANGKERTA,2026-02-08 16:36:56,2026-02-08 16:36:56
231,568,52,CIHAMPELAS,2026-02-08 16:36:56,2026-02-08 16:36:56
232,569,52,PARONGPONG,2026-02-08 16:36:56,2026-02-08 16:36:56
233,570,52,RONGGA,2026-02-08 16:36:56,2026-02-08 16:36:56
234,571,52,SAGULING,2026-02-08 16:36:56,2026-02-08 16:36:56
235,572,53,CIANJUR,2026-02-08 16:37:01,2026-02-08 16:37:01
236,573,53,AGRABINTA,2026-02-08 16:37:01,2026-02-08 16:37:01
237,574,53,BOJONGPICUNG,2026-02-08 16:37:01,2026-02-08 16:37:01
238,575,53,CAMPAKA,2026-02-08 16:37:01,2026-02-08 16:37:01
239,576,53,CIBEBER,2026-02-08 16:37:01,2026-02-08 16:37:01
240,577,53,CIBINONG,2026-02-08 16:37:01,2026-02-08 16:37:01
241,578,53,CIDAUN,2026-02-08 16:37:01,2026-02-08 16:37:01
242,579,53,CIKALONGKULON,2026-02-08 16:37:01,2026-02-08 16:37:01
243,580,53,CILAKU,2026-02-08 16:37:01,2026-02-08 16:37:01
244,581,53,CIRANJANG,2026-02-08 16:37:01,2026-02-08 16:37:01
245,582,53,CUGENANG,2026-02-08 16:37:01,2026-02-08 16:37:01
246,583,53,KADUPANDAK,2026-02-08 16:37:01,2026-02-08 16:37:01
247,584,53,KARANGTENGAH,2026-02-08 16:37:01,2026-02-08 16:37:01
248,585,53,MANDE,2026-02-08 16:37:01,2026-02-08 16:37:01
249,586,53,NARINGGUL,2026-02-08 16:37:01,2026-02-08 16:37:01
250,587,53,PACET,2026-02-08 16:37:01,2026-02-08 16:37:01
251,588,53,PAGELARAN,2026-02-08 16:37:01,2026-02-08 16:37:01
252,589,53,SINDANGBARANG,2026-02-08 16:37:01,2026-02-08 16:37:01
253,590,53,SUKALUYU,2026-02-08 16:37:01,2026-02-08 16:37:01
254,591,53,SUKANAGARA,2026-02-08 16:37:01,2026-02-08 16:37:01
255,592,53,SUKARESMI,2026-02-08 16:37:01,2026-02-08 16:37:01
256,593,53,TAKOKAK,2026-02-08 16:37:01,2026-02-08 16:37:01
257,594,53,TANGGEUNG,2026-02-08 16:37:01,2026-02-08 16:37:01
258,595,53,WARUNGKONDANG,2026-02-08 16:37:01,2026-02-08 16:37:01
259,596,53,CIPANAS,2026-02-08 16:37:01,2026-02-08 16:37:01
260,597,53,CAMPAKA MULYA,2026-02-08 16:37:01,2026-02-08 16:37:01
261,598,53,CIJATI,2026-02-08 16:37:01,2026-02-08 16:37:01
262,599,53,CIKADU,2026-02-08 16:37:01,2026-02-08 16:37:01
263,600,53,GEKBRONG,2026-02-08 16:37:01,2026-02-08 16:37:01
264,601,53,LELES,2026-02-08 16:37:01,2026-02-08 16:37:01
265,602,53,HAURWANGI,2026-02-08 16:37:01,2026-02-08 16:37:01
266,603,53,PASIRKUDA,2026-02-08 16:37:01,2026-02-08 16:37:01
267,604,54,BANTAR GEBANG,2026-02-08 16:37:06,2026-02-08 16:37:06
268,605,54,BEKASI BARAT,2026-02-08 16:37:06,2026-02-08 16:37:06
269,606,54,BEKASI SELATAN,2026-02-08 16:37:06,2026-02-08 16:37:06
270,607,54,BEKASI TIMUR,2026-02-08 16:37:06,2026-02-08 16:37:06
271,608,54,BEKASI UTARA,2026-02-08 16:37:06,2026-02-08 16:37:06
272,609,54,JATIASIH,2026-02-08 16:37:06,2026-02-08 16:37:06
273,610,54,JATI SAMPURNA,2026-02-08 16:37:06,2026-02-08 16:37:06
274,611,54,MEDAN SATRIA,2026-02-08 16:37:06,2026-02-08 16:37:06
275,612,54,MUSTIKA JAYA,2026-02-08 16:37:06,2026-02-08 16:37:06
276,613,54,PONDOK GEDE,2026-02-08 16:37:06,2026-02-08 16:37:06
277,614,54,PONDOK MELATI,2026-02-08 16:37:06,2026-02-08 16:37:06
278,615,54,RAWALUMBU,2026-02-08 16:37:06,2026-02-08 16:37:06
279,616,54,TAMBUN UTARA,2026-02-08 16:37:06,2026-02-08 16:37:06
280,617,54,TARUMAJAYA,2026-02-08 16:37:06,2026-02-08 16:37:06
281,618,54,BABELAN,2026-02-08 16:37:06,2026-02-08 16:37:06
282,1366,54,CIKARANG BARAT,2026-02-08 16:37:06,2026-02-08 16:37:06
283,1367,54,CIKARANG PUSAT,2026-02-08 16:37:06,2026-02-08 16:37:06
284,1368,54,CIKARANG SELATAN,2026-02-08 16:37:06,2026-02-08 16:37:06
285,1369,54,CIKARANG TIMUR,2026-02-08 16:37:06,2026-02-08 16:37:06
286,1370,54,CIKARANG UTARA,2026-02-08 16:37:06,2026-02-08 16:37:06
287,1371,54,CABANGBUNGIN,2026-02-08 16:37:06,2026-02-08 16:37:06
288,1372,54,CIBARUSAH,2026-02-08 16:37:06,2026-02-08 16:37:06
289,1373,54,CIBITUNG,2026-02-08 16:37:06,2026-02-08 16:37:06
290,1374,54,KEDUNG WARINGIN,2026-02-08 16:37:06,2026-02-08 16:37:06
291,1375,54,MUARA GEMBONG,2026-02-08 16:37:06,2026-02-08 16:37:06
292,1376,54,PEBAYURAN,2026-02-08 16:37:06,2026-02-08 16:37:06
293,1377,54,SERANG BARU,2026-02-08 16:37:06,2026-02-08 16:37:06
294,1378,54,SETU,2026-02-08 16:37:06,2026-02-08 16:37:06
295,1379,54,SUKATANI,2026-02-08 16:37:06,2026-02-08 16:37:06
296,1380,54,TAMBELANG,2026-02-08 16:37:06,2026-02-08 16:37:06
297,1381,54,KARANGBAHAGIA,2026-02-08 16:37:06,2026-02-08 16:37:06
298,1382,54,SUKAKARYA,2026-02-08 16:37:06,2026-02-08 16:37:06
299,1383,54,SUKAWANGI,2026-02-08 16:37:06,2026-02-08 16:37:06
300,1384,54,BOJONGMANGU,2026-02-08 16:37:06,2026-02-08 16:37:06
301,1385,54,TAMBUN SELATAN,2026-02-08 16:37:06,2026-02-08 16:37:06
302,1188,56,HARJAMUKTI,2026-02-08 16:37:12,2026-02-08 16:37:12
303,1189,56,KEJAKSAN,2026-02-08 16:37:12,2026-02-08 16:37:12
304,1190,56,KESAMBI,2026-02-08 16:37:12,2026-02-08 16:37:12
305,1191,56,LEMAHWUNGKUK,2026-02-08 16:37:12,2026-02-08 16:37:12
306,1192,56,PEKALIPAN,2026-02-08 16:37:12,2026-02-08 16:37:12
307,1282,56,SUMBER,2026-02-08 16:37:12,2026-02-08 16:37:12
308,1283,56,ARJAWINANGUN,2026-02-08 16:37:12,2026-02-08 16:37:12
309,1284,56,ASTANAJAPURA,2026-02-08 16:37:12,2026-02-08 16:37:12
310,1285,56,BABAKAN,2026-02-08 16:37:12,2026-02-08 16:37:12
311,1286,56,BEBER,2026-02-08 16:37:12,2026-02-08 16:37:12
312,1287,56,CILEDUG,2026-02-08 16:37:12,2026-02-08 16:37:12
313,1288,56,GUNUNG JATI (CIREBON UTARA),2026-02-08 16:37:12,2026-02-08 16:37:12
314,1289,56,TALUN (CIREBON SELATAN),2026-02-08 16:37:12,2026-02-08 16:37:12
315,1290,56,CIWARINGIN,2026-02-08 16:37:12,2026-02-08 16:37:12
316,1291,56,DEPOK,2026-02-08 16:37:12,2026-02-08 16:37:12
317,1292,56,DUKUPUNTANG,2026-02-08 16:37:12,2026-02-08 16:37:12
318,1293,56,GEBANG,2026-02-08 16:37:12,2026-02-08 16:37:12
319,1294,56,GEGESIK,2026-02-08 16:37:12,2026-02-08 16:37:12
320,1295,56,GEMPOL,2026-02-08 16:37:12,2026-02-08 16:37:12
321,1296,56,KALIWEDI,2026-02-08 16:37:12,2026-02-08 16:37:12
322,1297,56,KAPETAKAN,2026-02-08 16:37:12,2026-02-08 16:37:12
323,1298,56,KARANGSEMBUNG,2026-02-08 16:37:12,2026-02-08 16:37:12
324,1299,56,KARANGWARENG,2026-02-08 16:37:12,2026-02-08 16:37:12
325,1300,56,KEDAWUNG,2026-02-08 16:37:12,2026-02-08 16:37:12
326,1301,56,KLANGENAN,2026-02-08 16:37:12,2026-02-08 16:37:12
327,1302,56,LEMAHABANG,2026-02-08 16:37:12,2026-02-08 16:37:12
328,1303,56,LOSARI,2026-02-08 16:37:12,2026-02-08 16:37:12
329,1304,56,MUNDU,2026-02-08 16:37:12,2026-02-08 16:37:12
330,1305,56,PABEDILAN,2026-02-08 16:37:12,2026-02-08 16:37:12
331,1306,56,SUSUKAN,2026-02-08 16:37:12,2026-02-08 16:37:12
332,1307,56,PABUARAN,2026-02-08 16:37:12,2026-02-08 16:37:12
333,1308,56,SUSUKAN LEBAK,2026-02-08 16:37:12,2026-02-08 16:37:12
334,1309,56,PALIMANAN,2026-02-08 16:37:12,2026-02-08 16:37:12
335,1310,56,WALED,2026-02-08 16:37:12,2026-02-08 16:37:12
336,1311,56,PANGENAN,2026-02-08 16:37:12,2026-02-08 16:37:12
337,1312,56,WERU,2026-02-08 16:37:12,2026-02-08 16:37:12
338,1313,56,PANGURAGAN,2026-02-08 16:37:12,2026-02-08 16:37:12
339,1314,56,PASALEMAN,2026-02-08 16:37:12,2026-02-08 16:37:12
340,1315,56,PLERED,2026-02-08 16:37:12,2026-02-08 16:37:12
341,1316,56,PLUMBON,2026-02-08 16:37:12,2026-02-08 16:37:12
342,1317,56,TENGAH TANI,2026-02-08 16:37:12,2026-02-08 16:37:12
343,1318,56,SEDONG,2026-02-08 16:37:12,2026-02-08 16:37:12
344,1319,56,GREGED (GREGET),2026-02-08 16:37:12,2026-02-08 16:37:12
345,1320,56,JAMBLANG,2026-02-08 16:37:12,2026-02-08 16:37:12
346,1321,56,SURANENGGALA,2026-02-08 16:37:12,2026-02-08 16:37:12
347,1193,57,INDRAMAYU,2026-02-08 16:37:17,2026-02-08 16:37:17
348,1194,57,ANJATAN,2026-02-08 16:37:17,2026-02-08 16:37:17
349,1195,57,BALONGAN,2026-02-08 16:37:17,2026-02-08 16:37:17
350,1196,57,BANGODUA,2026-02-08 16:37:17,2026-02-08 16:37:17
351,1197,57,BONGAS,2026-02-08 16:37:17,2026-02-08 16:37:17
352,1198,57,CIKEDUNG,2026-02-08 16:37:17,2026-02-08 16:37:17
353,1199,57,GABUSWETAN,2026-02-08 16:37:17,2026-02-08 16:37:17
354,1200,57,HAURGEULIS,2026-02-08 16:37:17,2026-02-08 16:37:17
355,1201,57,JATIBARANG,2026-02-08 16:37:17,2026-02-08 16:37:17
356,1202,57,JUNTINYUAT,2026-02-08 16:37:17,2026-02-08 16:37:17
357,1203,57,KANDANGHAUR,2026-02-08 16:37:17,2026-02-08 16:37:17
358,1204,57,KARANGAMPEL,2026-02-08 16:37:17,2026-02-08 16:37:17
359,1205,57,KERTASEMAYA,2026-02-08 16:37:17,2026-02-08 16:37:17
360,1206,57,KRANGKENG,2026-02-08 16:37:17,2026-02-08 16:37:17
361,1207,57,KROYA,2026-02-08 16:37:17,2026-02-08 16:37:17
362,1208,57,LELEA,2026-02-08 16:37:17,2026-02-08 16:37:17
363,1209,57,LOHBENER,2026-02-08 16:37:17,2026-02-08 16:37:17
364,1210,57,LOSARANG,2026-02-08 16:37:17,2026-02-08 16:37:17
365,1211,57,SLIYEG,2026-02-08 16:37:17,2026-02-08 16:37:17
366,1212,57,SUKRA,2026-02-08 16:37:17,2026-02-08 16:37:17
367,1213,57,WIDASARI,2026-02-08 16:37:17,2026-02-08 16:37:17
368,1214,57,ARAHAN,2026-02-08 16:37:17,2026-02-08 16:37:17
369,1215,57,CANTIGI,2026-02-08 16:37:17,2026-02-08 16:37:17
370,1216,57,GANTAR,2026-02-08 16:37:17,2026-02-08 16:37:17
371,1217,57,KEDOKAN BUNDER,2026-02-08 16:37:17,2026-02-08 16:37:17
372,1218,57,SINDANG,2026-02-08 16:37:17,2026-02-08 16:37:17
373,1219,57,SUKAGUMIWANG,2026-02-08 16:37:17,2026-02-08 16:37:17
374,1220,57,TRISI/TERISI,2026-02-08 16:37:17,2026-02-08 16:37:17
375,1221,57,PASEKAN,2026-02-08 16:37:17,2026-02-08 16:37:17
376,1222,57,PATROL,2026-02-08 16:37:17,2026-02-08 16:37:17
377,1223,57,TUKDANA,2026-02-08 16:37:17,2026-02-08 16:37:17
378,1224,58,KUNINGAN,2026-02-08 16:37:22,2026-02-08 16:37:22
379,1225,58,CIAWIGEBANG,2026-02-08 16:37:22,2026-02-08 16:37:22
380,1226,58,CIBINGBIN,2026-02-08 16:37:22,2026-02-08 16:37:22
381,1227,58,CIBEUREUM,2026-02-08 16:37:22,2026-02-08 16:37:22
382,1228,58,CIDAHU,2026-02-08 16:37:22,2026-02-08 16:37:22
383,1229,58,CIGUGUR,2026-02-08 16:37:22,2026-02-08 16:37:22
384,1230,58,CILIMUS,2026-02-08 16:37:22,2026-02-08 16:37:22
385,1231,58,CILEBAK,2026-02-08 16:37:22,2026-02-08 16:37:22
386,1232,58,CIMAHI,2026-02-08 16:37:22,2026-02-08 16:37:22
387,1233,58,CINIRU,2026-02-08 16:37:22,2026-02-08 16:37:22
388,1234,58,CIPICUNG,2026-02-08 16:37:22,2026-02-08 16:37:22
389,1235,58,DARMA,2026-02-08 16:37:22,2026-02-08 16:37:22
390,1236,58,GARAWANGI,2026-02-08 16:37:22,2026-02-08 16:37:22
391,1237,58,HANTARA,2026-02-08 16:37:22,2026-02-08 16:37:22
392,1238,58,JALAKSANA,2026-02-08 16:37:22,2026-02-08 16:37:22
393,1239,58,JAPARA,2026-02-08 16:37:22,2026-02-08 16:37:22
394,1240,58,KADUGEDE,2026-02-08 16:37:22,2026-02-08 16:37:22
395,1241,58,KALIMANGGIS,2026-02-08 16:37:22,2026-02-08 16:37:22
396,1242,58,KARANGKANCANA,2026-02-08 16:37:22,2026-02-08 16:37:22
397,1243,58,KRAMAT MULYA,2026-02-08 16:37:22,2026-02-08 16:37:22
398,1244,58,LEBAKWANGI,2026-02-08 16:37:22,2026-02-08 16:37:22
399,1245,58,LURAGUNG,2026-02-08 16:37:22,2026-02-08 16:37:22
400,1246,58,MALEBER,2026-02-08 16:37:22,2026-02-08 16:37:22
401,1247,58,MANDIRANCAN,2026-02-08 16:37:22,2026-02-08 16:37:22
402,1248,58,NUSAHERANG,2026-02-08 16:37:22,2026-02-08 16:37:22
403,1249,58,PANCALANG,2026-02-08 16:37:22,2026-02-08 16:37:22
404,1250,58,PASAWAHAN,2026-02-08 16:37:22,2026-02-08 16:37:22
405,1251,58,SELAJAMBE,2026-02-08 16:37:22,2026-02-08 16:37:22
406,1252,58,SINDANGAGUNG,2026-02-08 16:37:22,2026-02-08 16:37:22
407,1253,58,SUBANG,2026-02-08 16:37:22,2026-02-08 16:37:22
408,1254,58,CIGANDAMEKAR,2026-02-08 16:37:22,2026-02-08 16:37:22
409,1255,58,CIWARU,2026-02-08 16:37:22,2026-02-08 16:37:22
410,1256,59,MAJALENGKA,2026-02-08 16:37:27,2026-02-08 16:37:27
411,1257,59,ARGAPURA,2026-02-08 16:37:27,2026-02-08 16:37:27
412,1258,59,BANTARUJEG,2026-02-08 16:37:27,2026-02-08 16:37:27
413,1259,59,CIKIJING,2026-02-08 16:37:27,2026-02-08 16:37:27
414,1260,59,DAWUAN,2026-02-08 16:37:27,2026-02-08 16:37:27
415,1261,59,JATIWANGI,2026-02-08 16:37:27,2026-02-08 16:37:27
416,1262,59,JATITUJUH,2026-02-08 16:37:27,2026-02-08 16:37:27
417,1263,59,KADIPATEN,2026-02-08 16:37:27,2026-02-08 16:37:27
418,1264,59,KERTAJATI,2026-02-08 16:37:27,2026-02-08 16:37:27
419,1265,59,LEMAHSUGIH,2026-02-08 16:37:27,2026-02-08 16:37:27
420,1266,59,LEUWIMUNDING,2026-02-08 16:37:27,2026-02-08 16:37:27
421,1267,59,LIGUNG,2026-02-08 16:37:27,2026-02-08 16:37:27
422,1268,59,MAJA,2026-02-08 16:37:27,2026-02-08 16:37:27
423,1269,59,PALASAH,2026-02-08 16:37:27,2026-02-08 16:37:27
424,1270,59,PANYINGKIRAN,2026-02-08 16:37:27,2026-02-08 16:37:27
425,1271,59,RAJAGALUH,2026-02-08 16:37:27,2026-02-08 16:37:27
426,1272,59,SUKAHAJI,2026-02-08 16:37:27,2026-02-08 16:37:27
427,1273,59,SUMBERJAYA,2026-02-08 16:37:27,2026-02-08 16:37:27
428,1274,59,TALAGA,2026-02-08 16:37:27,2026-02-08 16:37:27
429,1275,59,BANJARAN,2026-02-08 16:37:27,2026-02-08 16:37:27
430,1276,59,CIGASONG,2026-02-08 16:37:27,2026-02-08 16:37:27
431,1277,59,CINGAMBUL,2026-02-08 16:37:27,2026-02-08 16:37:27
432,1278,59,SINDANGWANGI,2026-02-08 16:37:27,2026-02-08 16:37:27
433,1279,59,KASOKANDEL,2026-02-08 16:37:27,2026-02-08 16:37:27
434,1280,59,MALAUSMA,2026-02-08 16:37:27,2026-02-08 16:37:27
435,1281,59,SINDANG,2026-02-08 16:37:27,2026-02-08 16:37:27
436,2163,60,CIMANGGIS,2026-02-08 16:37:32,2026-02-08 16:37:32
437,2164,60,SAWANGAN,2026-02-08 16:37:32,2026-02-08 16:37:32
438,2165,60,BEJI,2026-02-08 16:37:32,2026-02-08 16:37:32
439,2166,60,LIMO,2026-02-08 16:37:32,2026-02-08 16:37:32
440,2167,60,PANCORAN MAS,2026-02-08 16:37:32,2026-02-08 16:37:32
441,2168,60,SUKMAJAYA,2026-02-08 16:37:32,2026-02-08 16:37:32
442,2169,60,CILODONG,2026-02-08 16:37:32,2026-02-08 16:37:32
443,2170,60,TAPOS,2026-02-08 16:37:32,2026-02-08 16:37:32
444,2171,60,CIPAYUNG,2026-02-08 16:37:32,2026-02-08 16:37:32
445,2172,60,BOJONGSARI,2026-02-08 16:37:32,2026-02-08 16:37:32
446,2173,60,CINERE,2026-02-08 16:37:32,2026-02-08 16:37:32
447,3203,61,BATUJAYA,2026-02-08 16:37:36,2026-02-08 16:37:36
448,3204,61,CIBUAYA,2026-02-08 16:37:36,2026-02-08 16:37:36
449,3205,61,CIKAMPEK,2026-02-08 16:37:36,2026-02-08 16:37:36
450,3206,61,CILAMAYA KULON,2026-02-08 16:37:36,2026-02-08 16:37:36
451,3207,61,JATISARI,2026-02-08 16:37:36,2026-02-08 16:37:36
452,3208,61,KLARI,2026-02-08 16:37:36,2026-02-08 16:37:36
453,3209,61,LEMAHABANG,2026-02-08 16:37:36,2026-02-08 16:37:36
454,3210,61,PAKISJAYA,2026-02-08 16:37:36,2026-02-08 16:37:36
455,3211,61,PANGKALAN,2026-02-08 16:37:36,2026-02-08 16:37:36
456,3212,61,PEDES,2026-02-08 16:37:36,2026-02-08 16:37:36
457,3213,61,RAWAMERTA,2026-02-08 16:37:36,2026-02-08 16:37:36
458,3214,61,RENGASDENGKLOK,2026-02-08 16:37:36,2026-02-08 16:37:36
459,3215,61,TALAGASARI,2026-02-08 16:37:36,2026-02-08 16:37:36
460,3216,61,TELUKJAMBE BARAT,2026-02-08 16:37:36,2026-02-08 16:37:36
461,3217,61,TEMPURAN,2026-02-08 16:37:36,2026-02-08 16:37:36
462,3218,61,TIRTAMULYA,2026-02-08 16:37:36,2026-02-08 16:37:36
463,3219,61,TEGALWARU,2026-02-08 16:37:36,2026-02-08 16:37:36
464,3220,61,BANYUSARI,2026-02-08 16:37:36,2026-02-08 16:37:36
465,3221,61,CIAMPEL,2026-02-08 16:37:36,2026-02-08 16:37:36
466,3222,61,CILAMAYA WETAN,2026-02-08 16:37:36,2026-02-08 16:37:36
467,3223,61,CILEBAR,2026-02-08 16:37:36,2026-02-08 16:37:36
468,3224,61,JAYAKERTA,2026-02-08 16:37:36,2026-02-08 16:37:36
469,3225,61,KARAWANG BARAT,2026-02-08 16:37:36,2026-02-08 16:37:36
470,3226,61,KARAWANG TIMUR,2026-02-08 16:37:36,2026-02-08 16:37:36
471,3227,61,KOTABARU,2026-02-08 16:37:36,2026-02-08 16:37:36
472,3228,61,KUTAWALUYA,2026-02-08 16:37:36,2026-02-08 16:37:36
473,3229,61,MAJALAYA,2026-02-08 16:37:36,2026-02-08 16:37:36
474,3230,61,PURWASARI,2026-02-08 16:37:36,2026-02-08 16:37:36
475,3231,61,TELUKJAMBE TIMUR,2026-02-08 16:37:36,2026-02-08 16:37:36
476,3232,61,TIRTAJAYA,2026-02-08 16:37:36,2026-02-08 16:37:36
477,5112,62,PURWAKARTA,2026-02-08 16:37:41,2026-02-08 16:37:41
478,5113,62,JATILUHUR,2026-02-08 16:37:41,2026-02-08 16:37:41
479,5114,62,KIARAPEDES,2026-02-08 16:37:41,2026-02-08 16:37:41
480,5115,62,BOJONG,2026-02-08 16:37:41,2026-02-08 16:37:41
481,5116,62,PONDOKSALAM,2026-02-08 16:37:41,2026-02-08 16:37:41
482,5117,62,SUKASARI,2026-02-08 16:37:41,2026-02-08 16:37:41
483,5118,62,WANAYASA,2026-02-08 16:37:41,2026-02-08 16:37:41
484,5119,62,TEGAL WARU,2026-02-08 16:37:41,2026-02-08 16:37:41
485,5120,62,MANIIS,2026-02-08 16:37:41,2026-02-08 16:37:41
486,5121,62,DARANGDAN,2026-02-08 16:37:41,2026-02-08 16:37:41
487,5122,62,SUKATANI,2026-02-08 16:37:41,2026-02-08 16:37:41
488,5123,62,PLERED,2026-02-08 16:37:41,2026-02-08 16:37:41
489,5124,62,CIBATU,2026-02-08 16:37:41,2026-02-08 16:37:41
490,5125,62,BUNGURSARI,2026-02-08 16:37:41,2026-02-08 16:37:41
491,5126,62,BABAKANCIKAO,2026-02-08 16:37:41,2026-02-08 16:37:41
492,5127,62,PASAWAHAN,2026-02-08 16:37:41,2026-02-08 16:37:41
493,5128,62,CAMPAKA,2026-02-08 16:37:41,2026-02-08 16:37:41
494,5129,63,SUBANG,2026-02-08 16:37:47,2026-02-08 16:37:47
495,5130,63,TAMBAKDAHAN,2026-02-08 16:37:47,2026-02-08 16:37:47
496,5131,63,SERANGPANJANG,2026-02-08 16:37:47,2026-02-08 16:37:47
497,5132,63,PUSAKAJAYA,2026-02-08 16:37:47,2026-02-08 16:37:47
498,5133,63,PAGADEN BARAT,2026-02-08 16:37:47,2026-02-08 16:37:47
499,5134,63,KASOMALANG,2026-02-08 16:37:47,2026-02-08 16:37:47
500,5135,63,DAWUAN,2026-02-08 16:37:47,2026-02-08 16:37:47
501,5136,63,CIATER,2026-02-08 16:37:47,2026-02-08 16:37:47
502,5137,63,SUKASARI,2026-02-08 16:37:47,2026-02-08 16:37:47
503,5138,63,PAGADEN,2026-02-08 16:37:47,2026-02-08 16:37:47
504,5139,63,LEGONKULON,2026-02-08 16:37:47,2026-02-08 16:37:47
505,5140,63,CIPUNAGARA,2026-02-08 16:37:47,2026-02-08 16:37:47
506,5141,63,CIKAUM,2026-02-08 16:37:47,2026-02-08 16:37:47
507,5142,63,TANJUNGSIANG,2026-02-08 16:37:47,2026-02-08 16:37:47
508,5143,63,SAGALAHERANG,2026-02-08 16:37:47,2026-02-08 16:37:47
509,5144,63,PUSAKANAGARA,2026-02-08 16:37:47,2026-02-08 16:37:47
510,5145,63,PATOKBEUSI,2026-02-08 16:37:47,2026-02-08 16:37:47
511,5146,63,PAMANUKAN,2026-02-08 16:37:47,2026-02-08 16:37:47
512,5147,63,PABUARAN,2026-02-08 16:37:47,2026-02-08 16:37:47
513,5148,63,KALIJATI,2026-02-08 16:37:47,2026-02-08 16:37:47
514,5149,63,JALANCAGAK,2026-02-08 16:37:47,2026-02-08 16:37:47
515,5150,63,COMPRENG,2026-02-08 16:37:47,2026-02-08 16:37:47
516,5151,63,CISALAK,2026-02-08 16:37:47,2026-02-08 16:37:47
517,5152,63,CIJAMBE,2026-02-08 16:37:47,2026-02-08 16:37:47
518,5153,63,CIBOGO,2026-02-08 16:37:47,2026-02-08 16:37:47
519,5154,63,CIASEM,2026-02-08 16:37:47,2026-02-08 16:37:47
520,5155,63,BLANAKAN,2026-02-08 16:37:47,2026-02-08 16:37:47
521,5156,63,BINONG,2026-02-08 16:37:47,2026-02-08 16:37:47
522,5157,63,PURWADADI,2026-02-08 16:37:47,2026-02-08 16:37:47
523,5158,63,CIPEUNDEUY,2026-02-08 16:37:47,2026-02-08 16:37:47
524,5206,64,SUKABUMI,2026-02-08 16:37:52,2026-02-08 16:37:52
525,5207,64,BANTARGADUNG,2026-02-08 16:37:52,2026-02-08 16:37:52
526,5208,64,BAROS,2026-02-08 16:37:52,2026-02-08 16:37:52
527,5209,64,BOJONG GENTENG,2026-02-08 16:37:52,2026-02-08 16:37:52
528,5210,64,CARINGIN,2026-02-08 16:37:52,2026-02-08 16:37:52
529,5211,64,CIBADAK,2026-02-08 16:37:52,2026-02-08 16:37:52
530,5212,64,CIBITUNG,2026-02-08 16:37:52,2026-02-08 16:37:52
531,5213,64,CICURUG,2026-02-08 16:37:52,2026-02-08 16:37:52
532,5214,64,CICANTAYAN,2026-02-08 16:37:52,2026-02-08 16:37:52
533,5215,64,CIDAHU,2026-02-08 16:37:52,2026-02-08 16:37:52
534,5216,64,CIDOLOG,2026-02-08 16:37:52,2026-02-08 16:37:52
535,5217,64,CIDADAP,2026-02-08 16:37:52,2026-02-08 16:37:52
536,5218,64,CIEMAS,2026-02-08 16:37:52,2026-02-08 16:37:52
537,5219,64,CIKIDANG,2026-02-08 16:37:52,2026-02-08 16:37:52
538,5220,64,CIKEMBAR,2026-02-08 16:37:52,2026-02-08 16:37:52
539,5221,64,CIKAKAK,2026-02-08 16:37:52,2026-02-08 16:37:52
540,5222,64,CIRACAP,2026-02-08 16:37:52,2026-02-08 16:37:52
541,5223,64,CIREUNGHAS,2026-02-08 16:37:52,2026-02-08 16:37:52
542,5224,64,CISAAT,2026-02-08 16:37:52,2026-02-08 16:37:52
543,5225,64,CISOLOK,2026-02-08 16:37:52,2026-02-08 16:37:52
544,5226,64,CURUGKEMBAR,2026-02-08 16:37:52,2026-02-08 16:37:52
545,5227,64,GEGER BITUNG,2026-02-08 16:37:52,2026-02-08 16:37:52
546,5228,64,GUNUNGGURUH,2026-02-08 16:37:52,2026-02-08 16:37:52
547,5229,64,JAMPANG KULON,2026-02-08 16:37:52,2026-02-08 16:37:52
548,5230,64,JAMPANG TENGAH,2026-02-08 16:37:52,2026-02-08 16:37:52
549,5231,64,KABANDUNGAN,2026-02-08 16:37:52,2026-02-08 16:37:52
550,5232,64,KADUDAMPIT,2026-02-08 16:37:52,2026-02-08 16:37:52
551,5233,64,KALAPA NUNGGAL,2026-02-08 16:37:52,2026-02-08 16:37:52
552,5234,64,KALIBUNDER,2026-02-08 16:37:52,2026-02-08 16:37:52
553,5235,64,KEBONPEDES,2026-02-08 16:37:52,2026-02-08 16:37:52
554,5236,64,LENGKONG,2026-02-08 16:37:52,2026-02-08 16:37:52
555,5237,64,NAGRAK,2026-02-08 16:37:52,2026-02-08 16:37:52
556,5238,64,NYALINDUNG,2026-02-08 16:37:52,2026-02-08 16:37:52
557,5239,64,PABUARAN,2026-02-08 16:37:52,2026-02-08 16:37:52
558,5240,64,PARUNG KUDA,2026-02-08 16:37:52,2026-02-08 16:37:52
559,5241,64,PARAKAN SALAK,2026-02-08 16:37:52,2026-02-08 16:37:52
560,5242,64,PELABUHANRATU,2026-02-08 16:37:52,2026-02-08 16:37:52
561,5243,64,PURABAYA,2026-02-08 16:37:52,2026-02-08 16:37:52
562,5244,64,SAGARANTEN,2026-02-08 16:37:52,2026-02-08 16:37:52
563,5245,64,SIMPENAN,2026-02-08 16:37:52,2026-02-08 16:37:52
564,5246,64,SUKALARANG,2026-02-08 16:37:52,2026-02-08 16:37:52
565,5247,64,SUKARAJA,2026-02-08 16:37:52,2026-02-08 16:37:52
566,5248,64,SURADE,2026-02-08 16:37:52,2026-02-08 16:37:52
567,5249,64,TEGALBULEUD,2026-02-08 16:37:52,2026-02-08 16:37:52
568,5250,64,WALURAN,2026-02-08 16:37:52,2026-02-08 16:37:52
569,5251,64,WARUNGKIARA,2026-02-08 16:37:52,2026-02-08 16:37:52
570,5252,64,LEMBURSITU,2026-02-08 16:37:52,2026-02-08 16:37:52
571,5253,64,CIKOLE,2026-02-08 16:37:52,2026-02-08 16:37:52
572,5254,64,CITAMIANG,2026-02-08 16:37:52,2026-02-08 16:37:52
573,5255,64,GUNUNG PUYUH,2026-02-08 16:37:52,2026-02-08 16:37:52
574,5256,64,WARUDOYONG,2026-02-08 16:37:52,2026-02-08 16:37:52
575,5257,64,CIBEUREUM,2026-02-08 16:37:52,2026-02-08 16:37:52
576,5258,64,CIAMBAR,2026-02-08 16:37:52,2026-02-08 16:37:52
577,5259,64,CIMANGGU,2026-02-08 16:37:52,2026-02-08 16:37:52
578,6526,65,CIBEUREUM,2026-02-08 16:37:57,2026-02-08 16:37:57
579,6527,65,INDIHIANG,2026-02-08 16:37:57,2026-02-08 16:37:57
580,6528,65,KAWALU,2026-02-08 16:37:57,2026-02-08 16:37:57
581,6529,65,CIHIDEUNG,2026-02-08 16:37:57,2026-02-08 16:37:57
582,6530,65,CIPEDES,2026-02-08 16:37:57,2026-02-08 16:37:57
583,6531,65,MANGKUBUMI,2026-02-08 16:37:57,2026-02-08 16:37:57
584,6532,65,TAMANSARI,2026-02-08 16:37:57,2026-02-08 16:37:57
585,6533,65,TAWANG,2026-02-08 16:37:57,2026-02-08 16:37:57
586,6534,65,BUNGURSARI,2026-02-08 16:37:57,2026-02-08 16:37:57
587,6535,65,PURBARATU,2026-02-08 16:37:57,2026-02-08 16:37:57
588,6536,65,SINGAPARNA,2026-02-08 16:37:57,2026-02-08 16:37:57
589,6537,65,BOJONGGAMBIR,2026-02-08 16:37:57,2026-02-08 16:37:57
590,6538,65,CIGALONTANG,2026-02-08 16:37:57,2026-02-08 16:37:57
591,6539,65,LEUWISARI,2026-02-08 16:37:57,2026-02-08 16:37:57
592,6540,65,SARIWANGI,2026-02-08 16:37:57,2026-02-08 16:37:57
593,6541,65,SALAWU,2026-02-08 16:37:57,2026-02-08 16:37:57
594,6542,65,SUKARAME,2026-02-08 16:37:57,2026-02-08 16:37:57
595,6543,65,MANGUNREJA,2026-02-08 16:37:57,2026-02-08 16:37:57
596,6544,65,SODONGHILIR,2026-02-08 16:37:57,2026-02-08 16:37:57
597,6545,65,TARAJU,2026-02-08 16:37:57,2026-02-08 16:37:57
598,6546,65,BANTARKALONG,2026-02-08 16:37:57,2026-02-08 16:37:57
599,6547,65,CULAMEGA,2026-02-08 16:37:57,2026-02-08 16:37:57
600,6548,65,CIAWI,2026-02-08 16:37:57,2026-02-08 16:37:57
601,6549,65,CIBALONG,2026-02-08 16:37:57,2026-02-08 16:37:57
602,6550,65,CIKATOMAS,2026-02-08 16:37:57,2026-02-08 16:37:57
603,6551,65,CIKALONG,2026-02-08 16:37:57,2026-02-08 16:37:57
604,6552,65,CINEAM,2026-02-08 16:37:57,2026-02-08 16:37:57
605,6553,65,CIPATUJAH,2026-02-08 16:37:57,2026-02-08 16:37:57
606,6554,65,CISAYONG,2026-02-08 16:37:57,2026-02-08 16:37:57
607,6555,65,JAMANIS,2026-02-08 16:37:57,2026-02-08 16:37:57
608,6556,65,KARANGNUNGGAL,2026-02-08 16:37:57,2026-02-08 16:37:57
609,6557,65,MANONJAYA,2026-02-08 16:37:57,2026-02-08 16:37:57
610,6558,65,PANCATENGAH,2026-02-08 16:37:57,2026-02-08 16:37:57
611,6559,65,RAJAPOLAH,2026-02-08 16:37:57,2026-02-08 16:37:57
612,6560,65,SALOPA,2026-02-08 16:37:57,2026-02-08 16:37:57
613,6561,65,SUKARAJA,2026-02-08 16:37:57,2026-02-08 16:37:57
614,6562,65,KADIPATEN,2026-02-08 16:37:57,2026-02-08 16:37:57
615,6563,65,BOJONGASIH,2026-02-08 16:37:57,2026-02-08 16:37:57
616,6564,65,GUNUNG TANJUNG,2026-02-08 16:37:57,2026-02-08 16:37:57
617,6565,65,JATIWARAS,2026-02-08 16:37:57,2026-02-08 16:37:57
618,6566,65,KARANG JAYA,2026-02-08 16:37:57,2026-02-08 16:37:57
619,6567,65,PADAKEMBANG,2026-02-08 16:37:57,2026-02-08 16:37:57
620,6568,65,PAGERAGEUNG,2026-02-08 16:37:57,2026-02-08 16:37:57
621,6569,65,PARUNGPONTENG,2026-02-08 16:37:57,2026-02-08 16:37:57
622,6570,65,PUSPAHIANG,2026-02-08 16:37:57,2026-02-08 16:37:57
623,6571,65,SUKARATU,2026-02-08 16:37:57,2026-02-08 16:37:57
624,6572,65,SUKARESIK,2026-02-08 16:37:57,2026-02-08 16:37:57
625,6573,65,TANJUNGJAYA,2026-02-08 16:37:57,2026-02-08 16:37:57
626,6574,65,SUKAHENING,2026-02-08 16:37:57,2026-02-08 16:37:57
627,6575,66,BANJAR,2026-02-08 16:38:01,2026-02-08 16:38:01
628,6576,66,LANGENSARI,2026-02-08 16:38:01,2026-02-08 16:38:01
629,6577,66,PATARUMAN,2026-02-08 16:38:01,2026-02-08 16:38:01
630,6578,66,PURWAHARJA,2026-02-08 16:38:01,2026-02-08 16:38:01
631,6579,67,CIAMIS,2026-02-08 16:38:06,2026-02-08 16:38:06
632,6580,67,CIHAURBEUTI,2026-02-08 16:38:06,2026-02-08 16:38:06
633,6581,67,CIJEUNGJING,2026-02-08 16:38:06,2026-02-08 16:38:06
634,6582,67,CIKONENG,2026-02-08 16:38:06,2026-02-08 16:38:06
635,6583,67,CIPAKU,2026-02-08 16:38:06,2026-02-08 16:38:06
636,6584,67,JATINAGARA,2026-02-08 16:38:06,2026-02-08 16:38:06
637,6585,67,KAWALI,2026-02-08 16:38:06,2026-02-08 16:38:06
638,6586,67,PANUMBANGAN,2026-02-08 16:38:06,2026-02-08 16:38:06
639,6587,67,PANAWANGAN,2026-02-08 16:38:06,2026-02-08 16:38:06
640,6588,67,PANJALU,2026-02-08 16:38:06,2026-02-08 16:38:06
641,6589,67,RAJADESA,2026-02-08 16:38:06,2026-02-08 16:38:06
642,6590,67,SADANANYA,2026-02-08 16:38:06,2026-02-08 16:38:06
643,6591,67,SUKADANA,2026-02-08 16:38:06,2026-02-08 16:38:06
644,6592,67,BANJARSARI,2026-02-08 16:38:06,2026-02-08 16:38:06
645,6593,67,CIMARAGAS,2026-02-08 16:38:06,2026-02-08 16:38:06
646,6594,67,CISAGA,2026-02-08 16:38:06,2026-02-08 16:38:06
647,6595,67,LAKBOK,2026-02-08 16:38:06,2026-02-08 16:38:06
648,6596,67,PAMARICAN,2026-02-08 16:38:06,2026-02-08 16:38:06
649,6597,67,RANCAH,2026-02-08 16:38:06,2026-02-08 16:38:06
650,6598,67,TAMBAKSARI,2026-02-08 16:38:06,2026-02-08 16:38:06
651,6599,67,PURWADADI,2026-02-08 16:38:06,2026-02-08 16:38:06
652,6600,67,CIDOLOG,2026-02-08 16:38:06,2026-02-08 16:38:06
653,6601,67,BAREGBEG,2026-02-08 16:38:06,2026-02-08 16:38:06
654,6602,67,LUMBUNG,2026-02-08 16:38:06,2026-02-08 16:38:06
655,6603,67,SINDANGKASIH,2026-02-08 16:38:06,2026-02-08 16:38:06
656,6604,67,SUKAMANTRI,2026-02-08 16:38:06,2026-02-08 16:38:06
657,6605,68,PANGANDARAN,2026-02-08 16:38:11,2026-02-08 16:38:11
658,6606,68,CIGUGUR,2026-02-08 16:38:11,2026-02-08 16:38:11
659,6607,68,CIJULANG,2026-02-08 16:38:11,2026-02-08 16:38:11
660,6608,68,CIMERAK,2026-02-08 16:38:11,2026-02-08 16:38:11
661,6609,68,KALIPUCANG,2026-02-08 16:38:11,2026-02-08 16:38:11
662,6610,68,LANGKAPLANCAR,2026-02-08 16:38:11,2026-02-08 16:38:11
663,6611,68,PADAHERANG,2026-02-08 16:38:11,2026-02-08 16:38:11
664,6612,68,PARIGI,2026-02-08 16:38:11,2026-02-08 16:38:11
665,6613,68,MANGUNJAYA,2026-02-08 16:38:11,2026-02-08 16:38:11
666,6614,68,SIDAMULIH,2026-02-08 16:38:11,2026-02-08 16:38:11
667,1322,119,GROGOL PETAMBURAN,2026-02-08 16:38:34,2026-02-08 16:38:34
668,1323,119,KALIDERES,2026-02-08 16:38:34,2026-02-08 16:38:34
669,1324,119,KEBON JERUK,2026-02-08 16:38:34,2026-02-08 16:38:34
670,1325,119,KEMBANGAN,2026-02-08 16:38:34,2026-02-08 16:38:34
671,1326,119,PALMERAH,2026-02-08 16:38:34,2026-02-08 16:38:34
672,1327,119,TAMAN SARI,2026-02-08 16:38:34,2026-02-08 16:38:34
673,1328,119,TAMBORA,2026-02-08 16:38:34,2026-02-08 16:38:34
674,1329,119,CENGKARENG,2026-02-08 16:38:34,2026-02-08 16:38:34
675,1340,121,CEMPAKA PUTIH,2026-02-08 16:38:39,2026-02-08 16:38:39
676,1341,121,GAMBIR,2026-02-08 16:38:39,2026-02-08 16:38:39
677,1342,121,JOHAR BARU,2026-02-08 16:38:39,2026-02-08 16:38:39
678,1343,121,KEMAYORAN,2026-02-08 16:38:39,2026-02-08 16:38:39
679,1344,121,MENTENG,2026-02-08 16:38:39,2026-02-08 16:38:39
680,1345,121,SAWAH BESAR,2026-02-08 16:38:39,2026-02-08 16:38:39
681,1346,121,SENEN,2026-02-08 16:38:39,2026-02-08 16:38:39
682,1347,121,TANAH ABANG,2026-02-08 16:38:39,2026-02-08 16:38:39
684,1330,120,JAGAKARSA,2026-02-08 16:38:48,2026-02-08 16:38:48
685,1331,120,KEBAYORAN BARU,2026-02-08 16:38:48,2026-02-08 16:38:48
686,1332,120,KEBAYORAN LAMA,2026-02-08 16:38:48,2026-02-08 16:38:48
687,1333,120,MAMPANG PRAPATAN,2026-02-08 16:38:48,2026-02-08 16:38:48
688,1334,120,PANCORAN,2026-02-08 16:38:48,2026-02-08 16:38:48
689,1335,120,PASAR MINGGU,2026-02-08 16:38:48,2026-02-08 16:38:48
690,1336,120,PESANGGRAHAN,2026-02-08 16:38:48,2026-02-08 16:38:48
691,1337,120,SETIA BUDI,2026-02-08 16:38:48,2026-02-08 16:38:48
692,1338,120,TEBET,2026-02-08 16:38:48,2026-02-08 16:38:48
693,1339,120,CILANDAK,2026-02-08 16:38:48,2026-02-08 16:38:48
694,1348,122,KELAPA GADING,2026-02-08 16:38:52,2026-02-08 16:38:52
695,1349,122,KOJA,2026-02-08 16:38:52,2026-02-08 16:38:52
696,1350,122,PADEMANGAN,2026-02-08 16:38:52,2026-02-08 16:38:52
697,1351,122,PENJARINGAN,2026-02-08 16:38:52,2026-02-08 16:38:52
698,1352,122,TANJUNG PRIOK,2026-02-08 16:38:52,2026-02-08 16:38:52
699,1353,122,CILINCING,2026-02-08 16:38:52,2026-02-08 16:38:52
700,1354,123,CAKUNG,2026-02-08 16:38:56,2026-02-08 16:38:56
701,1355,123,CIPAYUNG,2026-02-08 16:38:56,2026-02-08 16:38:56
702,1356,123,CIRACAS,2026-02-08 16:38:56,2026-02-08 16:38:56
703,1357,123,DUREN SAWIT,2026-02-08 16:38:56,2026-02-08 16:38:56
704,1358,123,JATINEGARA,2026-02-08 16:38:56,2026-02-08 16:38:56
705,1359,123,KRAMAT JATI,2026-02-08 16:38:56,2026-02-08 16:38:56
706,1360,123,MAKASAR,2026-02-08 16:38:56,2026-02-08 16:38:56
707,1361,123,MATRAMAN,2026-02-08 16:38:56,2026-02-08 16:38:56
708,1362,123,PASAR REBO,2026-02-08 16:38:56,2026-02-08 16:38:56
709,1363,123,PULO GADUNG,2026-02-08 16:38:56,2026-02-08 16:38:56
710,1364,124,KEPULAUAN SERIBU SELATAN,2026-02-08 16:39:00,2026-02-08 16:39:00
711,1365,124,KEPULAUAN SERIBU UTARA,2026-02-08 16:39:00,2026-02-08 16:39:00
712,2174,201,DENPASAR BARAT,2026-02-08 16:39:13,2026-02-08 16:39:13
713,2175,201,DENPASAR SELATAN,2026-02-08 16:39:13,2026-02-08 16:39:13
714,2176,201,DENPASAR TIMUR,2026-02-08 16:39:13,2026-02-08 16:39:13
715,2177,201,DENPASAR UTARA,2026-02-08 16:39:13,2026-02-08 16:39:13
716,2178,202,ABANG,2026-02-08 16:39:17,2026-02-08 16:39:17
717,2179,202,BEBANDEM,2026-02-08 16:39:17,2026-02-08 16:39:17
718,2180,202,KUBU,2026-02-08 16:39:17,2026-02-08 16:39:17
719,2181,202,MANGGIS,2026-02-08 16:39:17,2026-02-08 16:39:17
720,2182,202,RENDANG,2026-02-08 16:39:17,2026-02-08 16:39:17
721,2183,202,SELAT,2026-02-08 16:39:17,2026-02-08 16:39:17
722,2184,202,SIDEMEN,2026-02-08 16:39:17,2026-02-08 16:39:17
723,2185,202,KARANG ASEM,2026-02-08 16:39:17,2026-02-08 16:39:17
724,2186,203,BANGLI,2026-02-08 16:39:20,2026-02-08 16:39:20
725,2187,203,KINTAMANI,2026-02-08 16:39:20,2026-02-08 16:39:20
726,2188,203,SUSUT,2026-02-08 16:39:20,2026-02-08 16:39:20
727,2189,203,TEMBUKU,2026-02-08 16:39:20,2026-02-08 16:39:20
728,2190,204,GIANYAR,2026-02-08 16:39:23,2026-02-08 16:39:23
729,2191,204,BELAH BATUH (BLAHBATUH),2026-02-08 16:39:23,2026-02-08 16:39:23
730,2192,204,PAYANGAN,2026-02-08 16:39:23,2026-02-08 16:39:23
731,2193,204,SUKAWATI,2026-02-08 16:39:23,2026-02-08 16:39:23
732,2194,204,TAMPAK SIRING,2026-02-08 16:39:23,2026-02-08 16:39:23
733,2195,204,TEGALLALANG,2026-02-08 16:39:23,2026-02-08 16:39:23
734,2196,204,UBUD,2026-02-08 16:39:23,2026-02-08 16:39:23
735,2197,205,NEGARA,2026-02-08 16:39:27,2026-02-08 16:39:27
736,2198,205,MELAYA,2026-02-08 16:39:27,2026-02-08 16:39:27
737,2199,205,MENDOYO,2026-02-08 16:39:27,2026-02-08 16:39:27
738,2200,205,PEKUTATAN,2026-02-08 16:39:27,2026-02-08 16:39:27
739,2201,205,JEMBRANA,2026-02-08 16:39:27,2026-02-08 16:39:27
740,2202,206,DAWAN,2026-02-08 16:39:31,2026-02-08 16:39:31
741,2203,206,KLUNGKUNG,2026-02-08 16:39:31,2026-02-08 16:39:31
742,2204,206,NUSAPENIDA,2026-02-08 16:39:31,2026-02-08 16:39:31
743,2205,206,BANJARANGKAN,2026-02-08 16:39:31,2026-02-08 16:39:31
744,2206,207,BANJAR,2026-02-08 16:39:34,2026-02-08 16:39:34
745,2207,207,BUSUNGBIU,2026-02-08 16:39:34,2026-02-08 16:39:34
746,2208,207,GEROKGAK,2026-02-08 16:39:34,2026-02-08 16:39:34
747,2209,207,KUBUTAMBAHAN,2026-02-08 16:39:34,2026-02-08 16:39:34
748,2210,207,SAWAN,2026-02-08 16:39:34,2026-02-08 16:39:34
749,2211,207,SERIRIT,2026-02-08 16:39:34,2026-02-08 16:39:34
750,2212,207,SUKASADA,2026-02-08 16:39:34,2026-02-08 16:39:34
751,2213,207,TEJAKULA,2026-02-08 16:39:34,2026-02-08 16:39:34
752,2214,207,BULELENG,2026-02-08 16:39:34,2026-02-08 16:39:34
753,2215,208,TABANAN,2026-02-08 16:39:39,2026-02-08 16:39:39
754,2216,208,BATURITI,2026-02-08 16:39:39,2026-02-08 16:39:39
755,2217,208,KEDIRI,2026-02-08 16:39:39,2026-02-08 16:39:39
756,2218,208,KERAMBITAN,2026-02-08 16:39:39,2026-02-08 16:39:39
757,2219,208,MARGA,2026-02-08 16:39:39,2026-02-08 16:39:39
758,2220,208,PUPUAN,2026-02-08 16:39:39,2026-02-08 16:39:39
759,2221,208,PENEBEL,2026-02-08 16:39:39,2026-02-08 16:39:39
760,2222,208,SELEMADEG,2026-02-08 16:39:39,2026-02-08 16:39:39
761,2223,208,SALEMADEG BARAT,2026-02-08 16:39:39,2026-02-08 16:39:39
762,2224,208,SALEMADEG TIMUR,2026-02-08 16:39:39,2026-02-08 16:39:39
763,2225,209,MENGWI,2026-02-08 16:39:44,2026-02-08 16:39:44
764,2226,209,ABIANSEMAL,2026-02-08 16:39:44,2026-02-08 16:39:44
765,2227,209,KUTA,2026-02-08 16:39:44,2026-02-08 16:39:44
766,2228,209,PETANG,2026-02-08 16:39:44,2026-02-08 16:39:44
767,2229,209,KUTA SELATAN,2026-02-08 16:39:44,2026-02-08 16:39:44
768,2230,209,KUTA UTARA,2026-02-08 16:39:44,2026-02-08 16:39:44
769,1516,162,DANAU SIPIN,2026-02-08 16:40:01,2026-02-08 16:40:01
770,1517,162,ALAM BARAJO,2026-02-08 16:40:01,2026-02-08 16:40:01
771,1518,162,PAAL MERAH,2026-02-08 16:40:01,2026-02-08 16:40:01
772,1519,162,DANAU TELUK,2026-02-08 16:40:01,2026-02-08 16:40:01
773,1520,162,JAMBI SELATAN,2026-02-08 16:40:01,2026-02-08 16:40:01
774,1521,162,JAMBI TIMUR,2026-02-08 16:40:01,2026-02-08 16:40:01
775,1522,162,JELUTUNG,2026-02-08 16:40:01,2026-02-08 16:40:01
776,1523,162,KOTA BARU,2026-02-08 16:40:01,2026-02-08 16:40:01
777,1524,162,PASAR JAMBI,2026-02-08 16:40:01,2026-02-08 16:40:01
778,1525,162,PELAYANGAN,2026-02-08 16:40:01,2026-02-08 16:40:01
779,1526,162,TELANAIPURA,2026-02-08 16:40:01,2026-02-08 16:40:01
780,1527,163,BETARA,2026-02-08 16:40:06,2026-02-08 16:40:06
781,1528,163,MERLUNG,2026-02-08 16:40:06,2026-02-08 16:40:06
782,1529,163,PENGABUAN,2026-02-08 16:40:06,2026-02-08 16:40:06
783,1530,163,TUNGKAL ULU,2026-02-08 16:40:06,2026-02-08 16:40:06
784,1531,163,TUNGKAL ILIR,2026-02-08 16:40:06,2026-02-08 16:40:06
785,1532,163,BATANG ASAM,2026-02-08 16:40:06,2026-02-08 16:40:06
786,1533,163,BRAM ITAM,2026-02-08 16:40:06,2026-02-08 16:40:06
787,1534,163,KUALA BETARA,2026-02-08 16:40:06,2026-02-08 16:40:06
788,1535,163,MUARA PAPALIK,2026-02-08 16:40:06,2026-02-08 16:40:06
789,1536,163,RENAH MENDALUH,2026-02-08 16:40:06,2026-02-08 16:40:06
790,1537,163,SEBERANG KOTA,2026-02-08 16:40:06,2026-02-08 16:40:06
791,1538,163,SENYERANG,2026-02-08 16:40:06,2026-02-08 16:40:06
792,1539,163,TEBING TINGGI,2026-02-08 16:40:06,2026-02-08 16:40:06
793,1540,164,BANGKO,2026-02-08 16:40:10,2026-02-08 16:40:10
794,1541,164,JANGKAT,2026-02-08 16:40:10,2026-02-08 16:40:10
795,1542,164,MUARA SIAU,2026-02-08 16:40:10,2026-02-08 16:40:10
796,1543,164,SUNGAI MANAU,2026-02-08 16:40:10,2026-02-08 16:40:10
797,1544,164,TABIR,2026-02-08 16:40:10,2026-02-08 16:40:10
798,1545,164,PAMENANG,2026-02-08 16:40:10,2026-02-08 16:40:10
799,1546,164,TABIR ULU,2026-02-08 16:40:10,2026-02-08 16:40:10
800,1547,164,BANGKO BARAT,2026-02-08 16:40:10,2026-02-08 16:40:10
801,1548,164,BATANG MASUMAI,2026-02-08 16:40:10,2026-02-08 16:40:10
802,1549,164,LEMBAH MASURAI,2026-02-08 16:40:10,2026-02-08 16:40:10
803,1550,164,MARGO TABIR,2026-02-08 16:40:10,2026-02-08 16:40:10
804,1551,164,NALO TANTAN,2026-02-08 16:40:10,2026-02-08 16:40:10
805,1552,164,PAMENANG BARAT,2026-02-08 16:40:10,2026-02-08 16:40:10
806,1553,164,PAMENANG SELATAN,2026-02-08 16:40:10,2026-02-08 16:40:10
807,1554,164,PANGKALAN JAMBU,2026-02-08 16:40:10,2026-02-08 16:40:10
808,1555,164,RENAH PEMBARAP,2026-02-08 16:40:10,2026-02-08 16:40:10
809,1556,164,RENAH PEMENANG,2026-02-08 16:40:10,2026-02-08 16:40:10
810,1557,164,SUNGAI TENANG,2026-02-08 16:40:10,2026-02-08 16:40:10
811,1558,164,TABIR ILIR,2026-02-08 16:40:10,2026-02-08 16:40:10
812,1559,164,TABIR LINTAS,2026-02-08 16:40:10,2026-02-08 16:40:10
813,1560,164,TABIR SELATAN,2026-02-08 16:40:10,2026-02-08 16:40:10
814,1561,164,TABIR TIMUR,2026-02-08 16:40:10,2026-02-08 16:40:10
815,1562,164,TIANG PUMPUNG,2026-02-08 16:40:10,2026-02-08 16:40:10
816,1563,164,TABIR BARAT,2026-02-08 16:40:10,2026-02-08 16:40:10
817,1564,165,MUARA BULIAN,2026-02-08 16:40:14,2026-02-08 16:40:14
818,1565,165,BATIN XXIV,2026-02-08 16:40:14,2026-02-08 16:40:14
819,1566,165,MARO SEBO ULU,2026-02-08 16:40:14,2026-02-08 16:40:14
820,1567,165,MERSAM,2026-02-08 16:40:14,2026-02-08 16:40:14
821,1568,165,MUARA TEMBESI,2026-02-08 16:40:14,2026-02-08 16:40:14
822,1569,165,PEMAYUNG,2026-02-08 16:40:14,2026-02-08 16:40:14
823,1570,165,BAJUBANG,2026-02-08 16:40:14,2026-02-08 16:40:14
824,1571,165,MARO SEBO ILIR,2026-02-08 16:40:14,2026-02-08 16:40:14
825,1572,166,JUJUHAN,2026-02-08 16:40:17,2026-02-08 16:40:17
826,1573,166,PELEPAT,2026-02-08 16:40:17,2026-02-08 16:40:17
827,1574,166,RANTAU PANDAN,2026-02-08 16:40:17,2026-02-08 16:40:17
828,1575,166,TANAH SEPENGGAL,2026-02-08 16:40:17,2026-02-08 16:40:17
829,1576,166,TANAH TUMBUH,2026-02-08 16:40:17,2026-02-08 16:40:17
830,1577,166,BATHIN II BABEKO,2026-02-08 16:40:17,2026-02-08 16:40:17
831,1578,166,LIMBUR LUBUK MENGKUANG,2026-02-08 16:40:17,2026-02-08 16:40:17
832,1579,166,MUKO-MUKO BATIN VII,2026-02-08 16:40:17,2026-02-08 16:40:17
833,1580,166,PELEPAT ILIR,2026-02-08 16:40:17,2026-02-08 16:40:17
834,1581,166,JUJUHAN ILIR,2026-02-08 16:40:17,2026-02-08 16:40:17
835,1582,166,BATHIN II PELAYANG,2026-02-08 16:40:17,2026-02-08 16:40:17
836,1583,166,BATHIN III,2026-02-08 16:40:17,2026-02-08 16:40:17
837,1584,166,BATHIN III ULU,2026-02-08 16:40:17,2026-02-08 16:40:17
838,1585,166,BUNGO DANI,2026-02-08 16:40:17,2026-02-08 16:40:17
839,1586,166,PASAR MUARA BUNGO,2026-02-08 16:40:17,2026-02-08 16:40:17
840,1587,166,RIMBO TENGAH,2026-02-08 16:40:17,2026-02-08 16:40:17
841,1588,166,TANAH SEPENGGAL LINTAS,2026-02-08 16:40:17,2026-02-08 16:40:17
842,1589,167,SUNGAI PENUH,2026-02-08 16:40:20,2026-02-08 16:40:20
843,1595,167,HAMPARAN RAWANG,2026-02-08 16:40:21,2026-02-08 16:40:21
844,1603,167,KUMUN DEBAI,2026-02-08 16:40:21,2026-02-08 16:40:21
845,1604,167,PESISIR BUKIT,2026-02-08 16:40:21,2026-02-08 16:40:21
846,1605,167,TANAH KAMPUNG,2026-02-08 16:40:21,2026-02-08 16:40:21
847,1606,167,KOTO BARU,2026-02-08 16:40:21,2026-02-08 16:40:21
848,1607,167,PONDOK TINGGI,2026-02-08 16:40:21,2026-02-08 16:40:21
849,1608,167,SUNGAI BUNGKAL,2026-02-08 16:40:21,2026-02-08 16:40:21
850,1590,168,AIR HANGAT,2026-02-08 16:40:25,2026-02-08 16:40:25
851,1591,168,BATANG MERANGIN,2026-02-08 16:40:25,2026-02-08 16:40:25
852,1592,168,DANAU KERINCI,2026-02-08 16:40:25,2026-02-08 16:40:25
853,1593,168,GUNUNG KERINCI,2026-02-08 16:40:25,2026-02-08 16:40:25
854,1594,168,GUNUNG RAYA,2026-02-08 16:40:25,2026-02-08 16:40:25
855,1596,168,KAYU ARO,2026-02-08 16:40:25,2026-02-08 16:40:25
856,1597,168,KELILING DANAU,2026-02-08 16:40:25,2026-02-08 16:40:25
857,1598,168,SITINJAU LAUT,2026-02-08 16:40:25,2026-02-08 16:40:25
858,1599,168,AIR HANGAT TIMUR,2026-02-08 16:40:25,2026-02-08 16:40:25
859,1600,168,DEPATI TUJUH,2026-02-08 16:40:25,2026-02-08 16:40:25
860,1601,168,GUNUNG TUJUH,2026-02-08 16:40:25,2026-02-08 16:40:25
861,1602,168,SIULAK,2026-02-08 16:40:25,2026-02-08 16:40:25
862,1609,168,KAYU ARO BARAT,2026-02-08 16:40:25,2026-02-08 16:40:25
863,1610,168,SIULAK MUKAI,2026-02-08 16:40:25,2026-02-08 16:40:25
864,1611,168,AIR HANGAT BARAT,2026-02-08 16:40:25,2026-02-08 16:40:25
865,1612,168,BUKITKERMAN,2026-02-08 16:40:25,2026-02-08 16:40:25
866,899,96,MEURAXA,2026-02-08 16:40:58,2026-02-08 16:40:58
867,900,96,JAYA BARU,2026-02-08 16:40:58,2026-02-08 16:40:58
868,901,96,BANDA RAYA,2026-02-08 16:40:58,2026-02-08 16:40:58
869,902,96,BAITURRAHMAN,2026-02-08 16:40:58,2026-02-08 16:40:58
870,903,96,LUENG BATA,2026-02-08 16:40:58,2026-02-08 16:40:58
871,904,96,KUTA ALAM,2026-02-08 16:40:58,2026-02-08 16:40:58
872,905,96,KUTA RAJA,2026-02-08 16:40:58,2026-02-08 16:40:58
873,906,96,SYIAH KUALA,2026-02-08 16:40:58,2026-02-08 16:40:58
874,907,96,ULEE KARENG,2026-02-08 16:40:58,2026-02-08 16:40:58
875,908,97,LANGSA BARAT,2026-02-08 16:41:02,2026-02-08 16:41:02
876,909,97,LANGSA KOTA,2026-02-08 16:41:02,2026-02-08 16:41:02
877,910,97,LANGSA LAMA,2026-02-08 16:41:02,2026-02-08 16:41:02
878,911,97,LANGSA TIMUR,2026-02-08 16:41:02,2026-02-08 16:41:02
879,912,97,LANGSA BARO,2026-02-08 16:41:02,2026-02-08 16:41:02
880,913,98,MUARA DUA,2026-02-08 16:41:06,2026-02-08 16:41:06
881,914,98,BANDA SAKTI,2026-02-08 16:41:06,2026-02-08 16:41:06
882,915,98,BLANG MANGAT,2026-02-08 16:41:06,2026-02-08 16:41:06
883,916,98,MUARA SATU,2026-02-08 16:41:06,2026-02-08 16:41:06
884,917,99,KOTA JANTHO,2026-02-08 16:41:10,2026-02-08 16:41:10
885,918,99,DARUL IMARAH,2026-02-08 16:41:10,2026-02-08 16:41:10
886,919,99,DARUSSALAM,2026-02-08 16:41:10,2026-02-08 16:41:10
887,920,99,INDRAPURI,2026-02-08 16:41:10,2026-02-08 16:41:10
888,921,99,INGIN JAYA,2026-02-08 16:41:10,2026-02-08 16:41:10
889,922,99,KUTA BARO,2026-02-08 16:41:10,2026-02-08 16:41:10
890,923,99,LHOKNGA (LHO'NGA),2026-02-08 16:41:10,2026-02-08 16:41:10
891,924,99,LHOONG,2026-02-08 16:41:10,2026-02-08 16:41:10
892,925,99,MESJID RAYA,2026-02-08 16:41:10,2026-02-08 16:41:10
893,926,99,MANTASIEK (MONTASIK),2026-02-08 16:41:10,2026-02-08 16:41:10
894,927,99,PEUKAN BADA,2026-02-08 16:41:10,2026-02-08 16:41:10
895,928,99,SUKA MAKMUR,2026-02-08 16:41:10,2026-02-08 16:41:10
896,929,99,SIMPANG TIGA,2026-02-08 16:41:10,2026-02-08 16:41:10
897,930,99,BAITUSSALAM,2026-02-08 16:41:10,2026-02-08 16:41:10
898,931,99,DARUL KAMAL,2026-02-08 16:41:10,2026-02-08 16:41:10
899,932,99,KRUENG BARONA JAYA,2026-02-08 16:41:10,2026-02-08 16:41:10
900,933,99,KOTA COT GLIE (KUTA COT GLIE),2026-02-08 16:41:10,2026-02-08 16:41:10
901,934,99,KOTA MALAKA (KUTA MALAKA),2026-02-08 16:41:10,2026-02-08 16:41:10
902,935,99,LEMBAH SEULAWAH,2026-02-08 16:41:10,2026-02-08 16:41:10
903,936,99,LEUPUNG,2026-02-08 16:41:10,2026-02-08 16:41:10
904,937,99,PULO ACEH,2026-02-08 16:41:10,2026-02-08 16:41:10
905,938,99,SEULIMEUM,2026-02-08 16:41:10,2026-02-08 16:41:10
906,939,99,BLANK BINTANG,2026-02-08 16:41:10,2026-02-08 16:41:10
907,940,100,JEUNIEB,2026-02-08 16:41:14,2026-02-08 16:41:14
908,941,100,PEUSANGAN,2026-02-08 16:41:14,2026-02-08 16:41:14
909,942,100,PEUDADA,2026-02-08 16:41:14,2026-02-08 16:41:14
910,943,100,SAMALANGA,2026-02-08 16:41:14,2026-02-08 16:41:14
911,944,100,GANDA PURA,2026-02-08 16:41:14,2026-02-08 16:41:14
912,945,100,MAKMUR,2026-02-08 16:41:14,2026-02-08 16:41:14
913,946,100,KUALA,2026-02-08 16:41:14,2026-02-08 16:41:14
914,947,100,JANGKA,2026-02-08 16:41:14,2026-02-08 16:41:14
915,948,100,JEUMPA,2026-02-08 16:41:14,2026-02-08 16:41:14
916,949,100,JULI,2026-02-08 16:41:14,2026-02-08 16:41:14
917,950,100,KOTA JUANG,2026-02-08 16:41:14,2026-02-08 16:41:14
918,951,100,KUTA BLANG,2026-02-08 16:41:14,2026-02-08 16:41:14
919,952,100,PANDRAH,2026-02-08 16:41:14,2026-02-08 16:41:14
920,953,100,PEUSANGAN SELATAN,2026-02-08 16:41:14,2026-02-08 16:41:14
921,954,100,PEUSANGAN SIBLAH KRUENG,2026-02-08 16:41:14,2026-02-08 16:41:14
922,955,100,PEULIMBANG (PLIMBANG),2026-02-08 16:41:14,2026-02-08 16:41:14
923,956,100,SIMPANG MAMPLAM,2026-02-08 16:41:14,2026-02-08 16:41:14
924,957,101,BADAR,2026-02-08 16:41:17,2026-02-08 16:41:17
925,958,101,BAMBEL,2026-02-08 16:41:17,2026-02-08 16:41:17
926,959,101,LAWE ALAS,2026-02-08 16:41:17,2026-02-08 16:41:17
927,960,101,LAWE SIGALA-GALA,2026-02-08 16:41:17,2026-02-08 16:41:17
928,961,101,BABUL MAKMUR,2026-02-08 16:41:17,2026-02-08 16:41:17
929,962,101,BABUL RAHMAH,2026-02-08 16:41:17,2026-02-08 16:41:17
930,963,101,BABUSSALAM,2026-02-08 16:41:17,2026-02-08 16:41:17
931,964,101,BUKIT TUSAM,2026-02-08 16:41:17,2026-02-08 16:41:17
932,965,101,DARUL HASANAH,2026-02-08 16:41:17,2026-02-08 16:41:17
933,966,101,LAWE BULAN,2026-02-08 16:41:17,2026-02-08 16:41:17
934,967,101,SEMADAM,2026-02-08 16:41:17,2026-02-08 16:41:17
935,968,101,TANAH ALAS,2026-02-08 16:41:17,2026-02-08 16:41:17
936,969,101,LEUSER,2026-02-08 16:41:17,2026-02-08 16:41:17
937,970,101,LAWE SUMUR,2026-02-08 16:41:17,2026-02-08 16:41:17
938,971,101,KETAMBE,2026-02-08 16:41:17,2026-02-08 16:41:17
939,972,101,DELENG POKHISEN,2026-02-08 16:41:17,2026-02-08 16:41:17
942,973,102,KAWAY XVI,2026-02-08 16:41:31,2026-02-08 16:41:31
943,974,102,SAMATIGA,2026-02-08 16:41:31,2026-02-08 16:41:31
944,975,102,SUNGAI MAS,2026-02-08 16:41:31,2026-02-08 16:41:31
945,976,102,WOYLA,2026-02-08 16:41:31,2026-02-08 16:41:31
946,977,102,BUBON,2026-02-08 16:41:31,2026-02-08 16:41:31
947,978,102,ARONGAN LAMBALEK,2026-02-08 16:41:31,2026-02-08 16:41:31
948,979,102,JOHAN PAHLAWAN,2026-02-08 16:41:31,2026-02-08 16:41:31
949,980,102,WOYLA BARAT,2026-02-08 16:41:31,2026-02-08 16:41:31
950,981,102,WOYLA TIMUR,2026-02-08 16:41:31,2026-02-08 16:41:31
951,982,102,PANTE CEUREUMEN (PANTAI CEUREMEN),2026-02-08 16:41:31,2026-02-08 16:41:31
952,983,102,PANTON REU,2026-02-08 16:41:31,2026-02-08 16:41:31
953,984,102,MEUREUBO,2026-02-08 16:41:31,2026-02-08 16:41:31
954,985,103,KOTA SIGLI,2026-02-08 16:41:35,2026-02-08 16:41:35
955,986,103,BATEE,2026-02-08 16:41:36,2026-02-08 16:41:36
956,987,103,DELIMA,2026-02-08 16:41:36,2026-02-08 16:41:36
957,988,103,GEUMPANG,2026-02-08 16:41:36,2026-02-08 16:41:36
958,989,103,GLUMPANG TIGA (GEULUMPANG TIGA),2026-02-08 16:41:36,2026-02-08 16:41:36
959,990,103,INDRAJAYA,2026-02-08 16:41:36,2026-02-08 16:41:36
960,991,103,KEMBANG TANJONG,2026-02-08 16:41:36,2026-02-08 16:41:36
961,992,103,MILA,2026-02-08 16:41:36,2026-02-08 16:41:36
962,993,103,MUARA TIGA,2026-02-08 16:41:36,2026-02-08 16:41:36
963,994,103,MUTIARA,2026-02-08 16:41:36,2026-02-08 16:41:36
964,995,103,PADANG TIJI,2026-02-08 16:41:36,2026-02-08 16:41:36
965,996,103,PEUKAN BARO,2026-02-08 16:41:36,2026-02-08 16:41:36
966,997,103,PIDIE,2026-02-08 16:41:36,2026-02-08 16:41:36
967,998,103,SAKTI,2026-02-08 16:41:36,2026-02-08 16:41:36
968,999,103,SIMPANG TIGA,2026-02-08 16:41:36,2026-02-08 16:41:36
969,1000,103,TANGSE,2026-02-08 16:41:36,2026-02-08 16:41:36
970,1001,103,TIRO/TRUSEB,2026-02-08 16:41:36,2026-02-08 16:41:36
971,1002,103,TITEUE,2026-02-08 16:41:36,2026-02-08 16:41:36
972,1003,103,GLUMPANG BARO,2026-02-08 16:41:36,2026-02-08 16:41:36
973,1004,103,GRONG GRONG,2026-02-08 16:41:36,2026-02-08 16:41:36
974,1005,103,MANE,2026-02-08 16:41:36,2026-02-08 16:41:36
975,1006,103,MUTIARA TIMUR,2026-02-08 16:41:36,2026-02-08 16:41:36
976,1007,103,KEUMALA,2026-02-08 16:41:36,2026-02-08 16:41:36
977,1008,104,BEBESEN,2026-02-08 16:41:40,2026-02-08 16:41:40
978,1009,104,BINTANG,2026-02-08 16:41:40,2026-02-08 16:41:40
979,1010,104,LINGE,2026-02-08 16:41:40,2026-02-08 16:41:40
980,1011,104,PEGASING,2026-02-08 16:41:40,2026-02-08 16:41:40
981,1012,104,SILIH NARA,2026-02-08 16:41:40,2026-02-08 16:41:40
982,1013,104,ATU LINTANG,2026-02-08 16:41:40,2026-02-08 16:41:40
983,1014,104,BIES,2026-02-08 16:41:40,2026-02-08 16:41:40
984,1015,104,CELALA,2026-02-08 16:41:40,2026-02-08 16:41:40
985,1016,104,JAGONG JEGET,2026-02-08 16:41:40,2026-02-08 16:41:40
986,1017,104,KEBAYAKAN,2026-02-08 16:41:40,2026-02-08 16:41:40
987,1018,104,KETOL,2026-02-08 16:41:40,2026-02-08 16:41:40
988,1019,104,KUTE PANANG,2026-02-08 16:41:40,2026-02-08 16:41:40
989,1020,104,LUT TAWAR,2026-02-08 16:41:40,2026-02-08 16:41:40
990,1021,104,RUSIP ANTARA,2026-02-08 16:41:40,2026-02-08 16:41:40
991,1022,105,TAPAK TUAN,2026-02-08 16:41:45,2026-02-08 16:41:45
992,1023,105,BAKONGAN,2026-02-08 16:41:45,2026-02-08 16:41:45
993,1024,105,KLUET UTARA,2026-02-08 16:41:45,2026-02-08 16:41:45
994,1025,105,KLUET SELATAN,2026-02-08 16:41:45,2026-02-08 16:41:45
995,1026,105,LABUHAN HAJI,2026-02-08 16:41:45,2026-02-08 16:41:45
996,1027,105,MEUKEK,2026-02-08 16:41:45,2026-02-08 16:41:45
997,1028,105,SAMA DUA,2026-02-08 16:41:45,2026-02-08 16:41:45
998,1029,105,TRUMON,2026-02-08 16:41:45,2026-02-08 16:41:45
999,1030,105,BAKONGAN TIMUR,2026-02-08 16:41:45,2026-02-08 16:41:45
1000,1031,105,KLUET TENGAH,2026-02-08 16:41:45,2026-02-08 16:41:45
1001,1032,105,KLUET TIMUR,2026-02-08 16:41:45,2026-02-08 16:41:45
1002,1033,105,LABUHAN HAJI BARAT,2026-02-08 16:41:45,2026-02-08 16:41:45
1003,1034,105,LABUHAN HAJI TIMUR,2026-02-08 16:41:45,2026-02-08 16:41:45
1004,1035,105,PASIE RAJA,2026-02-08 16:41:45,2026-02-08 16:41:45
1005,1036,105,TRUMON TIMUR,2026-02-08 16:41:45,2026-02-08 16:41:45
1006,1037,105,SAWANG,2026-02-08 16:41:45,2026-02-08 16:41:45
1007,1038,105,KOTA BAHAGIA,2026-02-08 16:41:45,2026-02-08 16:41:45
1008,1039,105,TRUMON TENGAH,2026-02-08 16:41:45,2026-02-08 16:41:45
1009,2534,249,BANYUWANGI,2026-02-08 16:42:05,2026-02-08 16:42:05
1010,2535,249,BANGOREJO,2026-02-08 16:42:05,2026-02-08 16:42:05
1011,2536,249,CLURING,2026-02-08 16:42:05,2026-02-08 16:42:05
1012,2537,249,GAMBIRAN,2026-02-08 16:42:05,2026-02-08 16:42:05
1013,2538,249,GENTENG,2026-02-08 16:42:05,2026-02-08 16:42:05
1014,2539,249,GLENMORE,2026-02-08 16:42:05,2026-02-08 16:42:05
1015,2540,249,KABAT,2026-02-08 16:42:05,2026-02-08 16:42:05
1016,2541,249,KALIBARU,2026-02-08 16:42:05,2026-02-08 16:42:05
1017,2542,249,MUNCAR,2026-02-08 16:42:05,2026-02-08 16:42:05
1018,2543,249,PESANGGARAN,2026-02-08 16:42:05,2026-02-08 16:42:05
1019,2544,249,PURWOHARJO,2026-02-08 16:42:05,2026-02-08 16:42:05
1020,2545,249,ROGOJAMPI,2026-02-08 16:42:05,2026-02-08 16:42:05
1021,2546,249,SINGOJURUH,2026-02-08 16:42:05,2026-02-08 16:42:05
1022,2547,249,SONGGON,2026-02-08 16:42:05,2026-02-08 16:42:05
1023,2548,249,SRONO,2026-02-08 16:42:06,2026-02-08 16:42:06
1024,2549,249,TEGALDLIMO,2026-02-08 16:42:06,2026-02-08 16:42:06
1025,2550,249,WONGSOREJO,2026-02-08 16:42:06,2026-02-08 16:42:06
1026,2551,249,GLAGAH,2026-02-08 16:42:06,2026-02-08 16:42:06
1027,2552,249,GIRI,2026-02-08 16:42:06,2026-02-08 16:42:06
1028,2553,249,KALIPURO,2026-02-08 16:42:06,2026-02-08 16:42:06
1029,2554,249,LICIN,2026-02-08 16:42:06,2026-02-08 16:42:06
1030,2555,249,SEMPU,2026-02-08 16:42:06,2026-02-08 16:42:06
1031,2556,249,SILIRAGUNG,2026-02-08 16:42:06,2026-02-08 16:42:06
1032,2557,249,TEGALSARI,2026-02-08 16:42:06,2026-02-08 16:42:06
1033,7106,249,BLIMBINGSARI,2026-02-08 16:42:06,2026-02-08 16:42:06
1034,2503,248,AMBULU,2026-02-08 16:42:09,2026-02-08 16:42:09
1035,2504,248,ARJASA,2026-02-08 16:42:09,2026-02-08 16:42:09
1036,2505,248,BALUNG,2026-02-08 16:42:09,2026-02-08 16:42:09
1037,2506,248,BANGSALSARI,2026-02-08 16:42:09,2026-02-08 16:42:09
1038,2507,248,GUMUK MAS,2026-02-08 16:42:09,2026-02-08 16:42:09
1039,2508,248,JELBUK,2026-02-08 16:42:09,2026-02-08 16:42:09
1040,2509,248,JENGGAWAH,2026-02-08 16:42:09,2026-02-08 16:42:09
1041,2510,248,KALISAT,2026-02-08 16:42:09,2026-02-08 16:42:09
1042,2511,248,KENCONG,2026-02-08 16:42:09,2026-02-08 16:42:09
1043,2512,248,LEDOKOMBO,2026-02-08 16:42:09,2026-02-08 16:42:09
1044,2513,248,MAYANG,2026-02-08 16:42:09,2026-02-08 16:42:09
1045,2514,248,MUMBULSARI,2026-02-08 16:42:09,2026-02-08 16:42:09
1046,2515,248,PAKUSARI,2026-02-08 16:42:09,2026-02-08 16:42:09
1047,2516,248,PANTI,2026-02-08 16:42:09,2026-02-08 16:42:09
1048,2517,248,PUGER,2026-02-08 16:42:09,2026-02-08 16:42:09
1049,2518,248,RAMBIPUJI,2026-02-08 16:42:09,2026-02-08 16:42:09
1050,2519,248,SILO,2026-02-08 16:42:09,2026-02-08 16:42:09
1051,2520,248,SUKORAMBI,2026-02-08 16:42:09,2026-02-08 16:42:09
1052,2521,248,SUKOWONO,2026-02-08 16:42:09,2026-02-08 16:42:09
1053,2522,248,SUMBER BARU,2026-02-08 16:42:09,2026-02-08 16:42:09
1054,2523,248,SUMBER JAMBE,2026-02-08 16:42:09,2026-02-08 16:42:09
1055,2524,248,TANGGUL,2026-02-08 16:42:09,2026-02-08 16:42:09
1056,2525,248,TEMPUREJO,2026-02-08 16:42:09,2026-02-08 16:42:09
1057,2526,248,UMBULSARI,2026-02-08 16:42:09,2026-02-08 16:42:09
1058,2527,248,WULUHAN,2026-02-08 16:42:09,2026-02-08 16:42:09
1059,2528,248,AJUNG,2026-02-08 16:42:09,2026-02-08 16:42:09
1060,2529,248,JOMBANG,2026-02-08 16:42:09,2026-02-08 16:42:09
1061,2530,248,KALIWATES,2026-02-08 16:42:09,2026-02-08 16:42:09
1062,2531,248,PATRANG,2026-02-08 16:42:09,2026-02-08 16:42:09
1063,2532,248,SEMBORO,2026-02-08 16:42:09,2026-02-08 16:42:09
1064,2533,248,SUMBER SARI,2026-02-08 16:42:09,2026-02-08 16:42:09
1065,2558,250,BONDOWOSO,2026-02-08 16:42:13,2026-02-08 16:42:13
1066,2559,250,CERMEE,2026-02-08 16:42:13,2026-02-08 16:42:13
1067,2560,250,CURAHDAMI,2026-02-08 16:42:13,2026-02-08 16:42:13
1068,2561,250,GRUJUGAN,2026-02-08 16:42:13,2026-02-08 16:42:13
1069,2562,250,KLABANG,2026-02-08 16:42:13,2026-02-08 16:42:13
1070,2563,250,MAESAN,2026-02-08 16:42:13,2026-02-08 16:42:13
1071,2564,250,PAKEM,2026-02-08 16:42:13,2026-02-08 16:42:13
1072,2565,250,PRAJEKAN,2026-02-08 16:42:13,2026-02-08 16:42:13
1073,2566,250,PUJER,2026-02-08 16:42:13,2026-02-08 16:42:13
1074,2567,250,SEMPOL,2026-02-08 16:42:13,2026-02-08 16:42:13
1075,2568,250,SUKOSARI,2026-02-08 16:42:13,2026-02-08 16:42:13
1076,2569,250,TAMANAN,2026-02-08 16:42:13,2026-02-08 16:42:13
1077,2570,250,TAPEN,2026-02-08 16:42:13,2026-02-08 16:42:13
1078,2571,250,TEGALAMPEL,2026-02-08 16:42:13,2026-02-08 16:42:13
1079,2572,250,TENGGARANG,2026-02-08 16:42:13,2026-02-08 16:42:13
1080,2573,250,TLOGOSARI,2026-02-08 16:42:13,2026-02-08 16:42:13
1081,2574,250,WONOSARI,2026-02-08 16:42:13,2026-02-08 16:42:13
1082,2575,250,WRINGIN,2026-02-08 16:42:13,2026-02-08 16:42:13
1083,2576,250,BINAKAL,2026-02-08 16:42:13,2026-02-08 16:42:13
1084,2577,250,SUMBER WRINGIN,2026-02-08 16:42:13,2026-02-08 16:42:13
1085,2578,250,TAMAN KROCOK,2026-02-08 16:42:13,2026-02-08 16:42:13
1086,2579,250,JAMBESARI DARUS SHOLAH,2026-02-08 16:42:13,2026-02-08 16:42:13
1087,2580,250,BOTOLINGGO,2026-02-08 16:42:13,2026-02-08 16:42:13
1088,2868,251,KEDIRI KOTA,2026-02-08 16:42:16,2026-02-08 16:42:16
1089,2869,251,GAMPENGREJO,2026-02-08 16:42:16,2026-02-08 16:42:16
1090,2870,251,GROGOL,2026-02-08 16:42:16,2026-02-08 16:42:16
1091,2871,251,GURAH,2026-02-08 16:42:16,2026-02-08 16:42:16
1092,2872,251,KANDAT,2026-02-08 16:42:16,2026-02-08 16:42:16
1093,2873,251,KRAS,2026-02-08 16:42:16,2026-02-08 16:42:16
1094,2874,251,KUNJANG,2026-02-08 16:42:16,2026-02-08 16:42:16
1095,2875,251,MOJO,2026-02-08 16:42:16,2026-02-08 16:42:16
1096,2876,251,NGADILUWIH,2026-02-08 16:42:16,2026-02-08 16:42:16
1097,2877,251,PAGU,2026-02-08 16:42:16,2026-02-08 16:42:16
1098,2878,251,PAPAR,2026-02-08 16:42:16,2026-02-08 16:42:16
1099,2879,251,PLEMAHAN,2026-02-08 16:42:16,2026-02-08 16:42:16
1100,2880,251,PLOSOKLATEN,2026-02-08 16:42:16,2026-02-08 16:42:16
1101,2881,251,PURWOASRI,2026-02-08 16:42:16,2026-02-08 16:42:16
1102,2882,251,SEMEN,2026-02-08 16:42:16,2026-02-08 16:42:16
1103,2883,251,TAROKAN,2026-02-08 16:42:16,2026-02-08 16:42:16
1104,2884,251,WATES,2026-02-08 16:42:16,2026-02-08 16:42:16
1105,2885,251,PARE,2026-02-08 16:42:16,2026-02-08 16:42:16
1106,2886,251,KANDANGAN,2026-02-08 16:42:16,2026-02-08 16:42:16
1107,2887,251,KEPUNG,2026-02-08 16:42:16,2026-02-08 16:42:16
1108,2888,251,NGANCAR,2026-02-08 16:42:16,2026-02-08 16:42:16
1109,2889,251,PUNCU,2026-02-08 16:42:16,2026-02-08 16:42:16
1110,2890,251,BANYAKAN,2026-02-08 16:42:16,2026-02-08 16:42:16
1111,2891,251,KAYEN KIDUL,2026-02-08 16:42:16,2026-02-08 16:42:16
1112,2892,251,RINGINREJO,2026-02-08 16:42:16,2026-02-08 16:42:16
1113,2893,251,MOJOROTO,2026-02-08 16:42:16,2026-02-08 16:42:16
1114,2894,251,PESANTREN,2026-02-08 16:42:16,2026-02-08 16:42:16
1115,2895,251,NGASEM,2026-02-08 16:42:16,2026-02-08 16:42:16
1116,2896,251,BADAS,2026-02-08 16:42:16,2026-02-08 16:42:16
1117,3400,252,MADIUN,2026-02-08 16:42:19,2026-02-08 16:42:19
1118,3401,252,KARTOHARJO,2026-02-08 16:42:19,2026-02-08 16:42:19
1119,3402,252,MANGUHARJO,2026-02-08 16:42:19,2026-02-08 16:42:19
1120,3403,252,TAMAN,2026-02-08 16:42:19,2026-02-08 16:42:19
1121,3404,252,BALEREJO,2026-02-08 16:42:19,2026-02-08 16:42:19
1122,3405,252,DAGANGAN,2026-02-08 16:42:19,2026-02-08 16:42:19
1123,3406,252,DOLOPO,2026-02-08 16:42:19,2026-02-08 16:42:19
1124,3407,252,GEGER,2026-02-08 16:42:19,2026-02-08 16:42:19
1125,3408,252,GEMARANG,2026-02-08 16:42:19,2026-02-08 16:42:19
1126,3409,252,JIWAN,2026-02-08 16:42:19,2026-02-08 16:42:19
1127,3410,252,KARE,2026-02-08 16:42:19,2026-02-08 16:42:19
1128,3411,252,KEBONSARI,2026-02-08 16:42:19,2026-02-08 16:42:19
1129,3412,252,MEJAYAN,2026-02-08 16:42:19,2026-02-08 16:42:19
1130,3413,252,PILANGKENCENG,2026-02-08 16:42:19,2026-02-08 16:42:19
1131,3414,252,SARADAN,2026-02-08 16:42:19,2026-02-08 16:42:19
1132,3415,252,SAWAHAN,2026-02-08 16:42:19,2026-02-08 16:42:19
1133,3416,252,WONOASRI,2026-02-08 16:42:19,2026-02-08 16:42:19
1134,3417,252,WUNGU,2026-02-08 16:42:19,2026-02-08 16:42:19
1135,3418,253,MAGETAN,2026-02-08 16:42:23,2026-02-08 16:42:23
1136,3419,253,BENDO,2026-02-08 16:42:23,2026-02-08 16:42:23
1137,3420,253,KARANGREJO,2026-02-08 16:42:23,2026-02-08 16:42:23
1138,3421,253,KAWEDANAN,2026-02-08 16:42:23,2026-02-08 16:42:23
1139,3422,253,LEMBEYAN,2026-02-08 16:42:23,2026-02-08 16:42:23
1140,3423,253,MAOSPATI,2026-02-08 16:42:23,2026-02-08 16:42:23
1141,3424,253,PANEKAN,2026-02-08 16:42:23,2026-02-08 16:42:23
1142,3425,253,PARANG,2026-02-08 16:42:23,2026-02-08 16:42:23
1143,3426,253,PLAOSAN,2026-02-08 16:42:23,2026-02-08 16:42:23
1144,3427,253,PONCOL,2026-02-08 16:42:23,2026-02-08 16:42:23
1145,3428,253,SUKOMORO,2026-02-08 16:42:23,2026-02-08 16:42:23
1146,3429,253,TAKERAN,2026-02-08 16:42:23,2026-02-08 16:42:23
1147,3430,253,BARAT,2026-02-08 16:42:23,2026-02-08 16:42:23
1148,3431,253,KARAS,2026-02-08 16:42:23,2026-02-08 16:42:23
1149,3432,253,NGARIBOYO,2026-02-08 16:42:23,2026-02-08 16:42:23
1150,3433,253,NGUNTORONADI,2026-02-08 16:42:23,2026-02-08 16:42:23
1151,3434,253,SIDOREJO,2026-02-08 16:42:23,2026-02-08 16:42:23
1152,3435,253,KARTOHARJO (KERTOHARJO),2026-02-08 16:42:23,2026-02-08 16:42:23
1153,3455,255,PACITAN,2026-02-08 16:42:27,2026-02-08 16:42:27
1154,3456,255,ARJOSARI,2026-02-08 16:42:27,2026-02-08 16:42:27
1155,3457,255,BANDAR,2026-02-08 16:42:27,2026-02-08 16:42:27
1156,3458,255,DONOROJO,2026-02-08 16:42:27,2026-02-08 16:42:27
1157,3459,255,KEBON AGUNG,2026-02-08 16:42:27,2026-02-08 16:42:27
1158,3460,255,NAWANGAN,2026-02-08 16:42:27,2026-02-08 16:42:27
1159,3461,255,NGADIROJO,2026-02-08 16:42:27,2026-02-08 16:42:27
1160,3462,255,PRINGKUKU,2026-02-08 16:42:27,2026-02-08 16:42:27
1161,3463,255,PUNUNG,2026-02-08 16:42:27,2026-02-08 16:42:27
1162,3464,255,SUDIMORO,2026-02-08 16:42:27,2026-02-08 16:42:27
1163,3465,255,TEGALOMBO,2026-02-08 16:42:27,2026-02-08 16:42:27
1164,3466,255,TULAKAN,2026-02-08 16:42:27,2026-02-08 16:42:27
1165,3436,254,NGAWI,2026-02-08 16:42:30,2026-02-08 16:42:30
1166,3437,254,BRINGIN,2026-02-08 16:42:30,2026-02-08 16:42:30
1167,3438,254,GENENG,2026-02-08 16:42:30,2026-02-08 16:42:30
1168,3439,254,JOGOROGO,2026-02-08 16:42:30,2026-02-08 16:42:30
1169,3440,254,KARANGJATI,2026-02-08 16:42:30,2026-02-08 16:42:30
1170,3441,254,KEDUNGGALAR,2026-02-08 16:42:30,2026-02-08 16:42:30
1171,3442,254,KENDAL,2026-02-08 16:42:30,2026-02-08 16:42:30
1172,3443,254,KWADUNGAN,2026-02-08 16:42:30,2026-02-08 16:42:30
1173,3444,254,MANTINGAN,2026-02-08 16:42:30,2026-02-08 16:42:30
1174,3445,254,NGRAMBE,2026-02-08 16:42:30,2026-02-08 16:42:30
1175,3446,254,PADAS,2026-02-08 16:42:30,2026-02-08 16:42:30
1176,3447,254,PANGKUR,2026-02-08 16:42:30,2026-02-08 16:42:30
1177,3448,254,PARON,2026-02-08 16:42:30,2026-02-08 16:42:30
1178,3449,254,PITU,2026-02-08 16:42:30,2026-02-08 16:42:30
1179,3450,254,SINE,2026-02-08 16:42:30,2026-02-08 16:42:30
1180,3451,254,WIDODAREN,2026-02-08 16:42:30,2026-02-08 16:42:30
1181,3452,254,KARANGANYAR,2026-02-08 16:42:30,2026-02-08 16:42:30
1182,3453,254,KASREMAN,2026-02-08 16:42:30,2026-02-08 16:42:30
1183,3454,254,GERIH,2026-02-08 16:42:30,2026-02-08 16:42:30
1184,3893,260,BLIMBING,2026-02-08 16:42:42,2026-02-08 16:42:42
1185,3894,260,KEDUNGKANDANG,2026-02-08 16:42:42,2026-02-08 16:42:42
1186,3895,260,KLOJEN,2026-02-08 16:42:42,2026-02-08 16:42:42
1187,3896,260,LOWOKWARU,2026-02-08 16:42:42,2026-02-08 16:42:42
1188,3897,260,SUKUN,2026-02-08 16:42:42,2026-02-08 16:42:42
1189,3926,260,KEPANJEN,2026-02-08 16:42:42,2026-02-08 16:42:42
1190,3927,260,AMPELGADING,2026-02-08 16:42:42,2026-02-08 16:42:42
1191,3928,260,BANTUR,2026-02-08 16:42:42,2026-02-08 16:42:42
1192,3929,260,BULULAWANG,2026-02-08 16:42:42,2026-02-08 16:42:42
1193,3930,260,DAMPIT,2026-02-08 16:42:42,2026-02-08 16:42:42
1194,3931,260,DAU,2026-02-08 16:42:42,2026-02-08 16:42:42
1195,3932,260,DONOMULYO,2026-02-08 16:42:42,2026-02-08 16:42:42
1196,3933,260,GEDANGAN,2026-02-08 16:42:42,2026-02-08 16:42:42
1197,3934,260,GONDANGLEGI,2026-02-08 16:42:42,2026-02-08 16:42:42
1198,3935,260,JABUNG,2026-02-08 16:42:42,2026-02-08 16:42:42
1199,3936,260,KALIPARE,2026-02-08 16:42:42,2026-02-08 16:42:42
1200,3937,260,KARANGPLOSO,2026-02-08 16:42:42,2026-02-08 16:42:42
1201,3938,260,KROMENGAN,2026-02-08 16:42:42,2026-02-08 16:42:42
1202,3939,260,NGAJUNG (NGAJUM),2026-02-08 16:42:42,2026-02-08 16:42:42
1203,3940,260,PAGAK,2026-02-08 16:42:42,2026-02-08 16:42:42
1204,3941,260,PAKIS,2026-02-08 16:42:42,2026-02-08 16:42:42
1205,3942,260,PAKISAJI,2026-02-08 16:42:42,2026-02-08 16:42:42
1206,3943,260,PONCOKUSUMO,2026-02-08 16:42:42,2026-02-08 16:42:42
1207,3944,260,SINGOSARI,2026-02-08 16:42:42,2026-02-08 16:42:42
1208,3945,260,SUMBERPUCUNG,2026-02-08 16:42:42,2026-02-08 16:42:42
1209,3946,260,SUMBERMANJING WETAN,2026-02-08 16:42:42,2026-02-08 16:42:42
1210,3947,260,TAJINAN,2026-02-08 16:42:42,2026-02-08 16:42:42
1211,3948,260,TIRTOYUDO,2026-02-08 16:42:42,2026-02-08 16:42:42
1212,3949,260,TUREN,2026-02-08 16:42:42,2026-02-08 16:42:42
1213,3950,260,TUMPANG,2026-02-08 16:42:42,2026-02-08 16:42:42
1214,3951,260,WAGIR,2026-02-08 16:42:42,2026-02-08 16:42:42
1215,3952,260,WAJAK,2026-02-08 16:42:42,2026-02-08 16:42:42
1216,3953,260,WONOSARI,2026-02-08 16:42:42,2026-02-08 16:42:42
1217,3954,260,NGANTANG,2026-02-08 16:42:42,2026-02-08 16:42:42
1218,3955,260,PUJON,2026-02-08 16:42:42,2026-02-08 16:42:42
1219,3956,260,KASEMBON,2026-02-08 16:42:42,2026-02-08 16:42:42
1220,3957,260,LAWANG,2026-02-08 16:42:42,2026-02-08 16:42:42
1221,3958,260,PAGELARAN,2026-02-08 16:42:42,2026-02-08 16:42:42
1222,6237,430,KEDATON,2026-02-08 16:43:06,2026-02-08 16:43:06
1223,6238,430,KEMILING,2026-02-08 16:43:06,2026-02-08 16:43:06
1224,6239,430,PANJANG,2026-02-08 16:43:06,2026-02-08 16:43:06
1225,6240,430,RAJABASA,2026-02-08 16:43:06,2026-02-08 16:43:06
1226,6241,430,SUKABUMI,2026-02-08 16:43:06,2026-02-08 16:43:06
1227,6242,430,SUKARAME,2026-02-08 16:43:06,2026-02-08 16:43:06
1228,6243,430,TANJUNG KARANG BARAT,2026-02-08 16:43:06,2026-02-08 16:43:06
1229,6244,430,TANJUNG KARANG PUSAT,2026-02-08 16:43:06,2026-02-08 16:43:06
1230,6245,430,TANJUNG KARANG TIMUR,2026-02-08 16:43:06,2026-02-08 16:43:06
1231,6246,430,TANJUNG SENANG,2026-02-08 16:43:06,2026-02-08 16:43:06
1232,6247,430,TELUKBETUNG BARAT,2026-02-08 16:43:06,2026-02-08 16:43:06
1233,6248,430,TELUKBETUNG SELATAN,2026-02-08 16:43:06,2026-02-08 16:43:06
1234,6249,430,TELUKBETUNG UTARA,2026-02-08 16:43:06,2026-02-08 16:43:06
1235,6250,430,BUMI WARAS,2026-02-08 16:43:06,2026-02-08 16:43:06
1236,6251,430,ENGGAL,2026-02-08 16:43:06,2026-02-08 16:43:06
1237,6252,430,KEDAMAIAN,2026-02-08 16:43:06,2026-02-08 16:43:06
1238,6253,430,LANGKAPURA,2026-02-08 16:43:06,2026-02-08 16:43:06
1239,6254,430,TELUKBETUNG TIMUR,2026-02-08 16:43:06,2026-02-08 16:43:06
1240,6255,430,WAY HALIM,2026-02-08 16:43:06,2026-02-08 16:43:06
1241,6256,430,LABUHAN RATU,2026-02-08 16:43:06,2026-02-08 16:43:06
1242,6297,433,METRO BARAT,2026-02-08 16:43:10,2026-02-08 16:43:10
1243,6298,433,METRO PUSAT,2026-02-08 16:43:10,2026-02-08 16:43:10
1244,6299,433,METRO SELATAN,2026-02-08 16:43:10,2026-02-08 16:43:10
1245,6300,433,METRO TIMUR,2026-02-08 16:43:10,2026-02-08 16:43:10
1246,6301,433,METRO UTARA,2026-02-08 16:43:10,2026-02-08 16:43:10
1247,6395,440,MESUJI,2026-02-08 16:43:14,2026-02-08 16:43:14
1248,6403,440,RAWA JITU UTARA,2026-02-08 16:43:14,2026-02-08 16:43:14
1249,6404,440,SIMPANG PEMATANG,2026-02-08 16:43:14,2026-02-08 16:43:14
1250,6405,440,TANJUNG RAYA,2026-02-08 16:43:14,2026-02-08 16:43:14
1251,6407,440,WAY SERDANG,2026-02-08 16:43:14,2026-02-08 16:43:14
1252,6451,440,PANCA JAYA,2026-02-08 16:43:14,2026-02-08 16:43:14
1253,6452,440,MESUJI TIMUR,2026-02-08 16:43:14,2026-02-08 16:43:14
1254,6417,442,GADING REJO,2026-02-08 16:43:19,2026-02-08 16:43:19
1255,6418,442,PAGELARAN,2026-02-08 16:43:19,2026-02-08 16:43:19
1256,6419,442,PRINGSEWU,2026-02-08 16:43:19,2026-02-08 16:43:19
1257,6423,442,ADI LUWIH,2026-02-08 16:43:19,2026-02-08 16:43:19
1258,6426,442,PARDASUKA,2026-02-08 16:43:19,2026-02-08 16:43:19
1259,6453,442,SUKOHARJO,2026-02-08 16:43:19,2026-02-08 16:43:19
1260,6454,442,BANYUMAS,2026-02-08 16:43:19,2026-02-08 16:43:19
1261,6455,442,AMBARAWA,2026-02-08 16:43:19,2026-02-08 16:43:19
1262,6456,442,PAGELARAN UTARA,2026-02-08 16:43:19,2026-02-08 16:43:19
